Column1,n_comp,freq,threshold,sd,subj,task,run
50,1,Low,-4.875,0.6731456,x32,Control,1
53,1,Low,-10.125,0.6731456,x32,Control,2
69,1,Low,-8.375,1.80710404,x32,Control,3
78,1,Low,-9.875,0.6731456,x32,Control,4
89,1,Low,-16.5,1.82002747,x32,Control,5
100,1,Low,-2.75,2.01556444,x32,Control,6
107,1,Low,-6.875,1.00778222,x32,Control,7
115,1,Low,-10.5,1.3462912,x32,Control,8
122,1,Low,-6.25,0.75,x32,Control,9
136,1,Low,-13.125,0.80039053,x32,Control,10
146,1,Low,-10.375,0.71807033,x32,Control,11
155,1,Low,-11.75,1.11803399,x32,Control,12
44,1,High,-2.75,0.61237244,x32,Control,1
58,1,High,-6.25,0.8660254,x32,Control,2
66,1,High,-1.0,0.61237244,x32,Control,3
80,1,High,-5.125,0.71807033,x32,Control,4
85,1,High,-5.75,1.27475488,x32,Control,5
96,1,High,3.375,1.09687055,x32,Control,6
104,1,High,-2.125,0.71807033,x32,Control,7
114,1,High,-2.0,2.89395923,x32,Control,8
127,1,High,-3.25,1.29903811,x32,Control,9
131,1,High,-2.875,1.28086885,x32,Control,10
150,1,High,0.375,1.46308749,x32,Control,11
154,1,High,-2.625,1.39754249,x32,Control,12
161,1,Low,-12.875,3.60771742,x34,Control,1
174,1,Low,-14.875,1.28086885,x34,Control,2
185,1,Low,-13.375,3.2040014,x34,Control,3
195,1,Low,-14.5,1.93649167,x34,Control,4
208,1,Low,-18.625,0.71807033,x34,Control,5
219,1,Low,-18.5,1.11803399,x34,Control,6
229,1,Low,-17.75,0.70710678,x34,Control,7
240,1,Low,-12.0,1.11803399,x34,Control,8
242,1,Low,-16.625,2.18303115,x34,Control,9
251,1,Low,-12.875,2.34853678,x34,Control,10
264,1,Low,-12.125,0.80039053,x34,Control,11
274,1,Low,-15.25,0.61237244,x34,Control,12
170,1,High,-5.375,1.90804219,x34,Control,1
179,1,High,-9.5,1.82002747,x34,Control,2
188,1,High,-6.75,0.93541435,x34,Control,3
200,1,High,-4.875,1.17924764,x34,Control,4
203,1,High,-6.75,1.6583124,x34,Control,5
217,1,High,-5.5,0.75,x34,Control,6
221,1,High,-5.75,1.6583124,x34,Control,7
232,1,High,-9.125,0.5153882,x34,Control,8
241,1,High,-6.875,0.6731456,x34,Control,9
255,1,High,-5.625,0.80039053,x34,Control,10
265,1,High,-8.875,1.66301684,x34,Control,11
276,1,High,-8.5,1.06066017,x34,Control,12
288,1,Low,-19.25,1.41421356,x40,Control,1
298,1,Low,-19.875,1.17924764,x40,Control,2
303,1,Low,-21.125,1.09687055,x40,Control,3
312,1,Low,-20.375,0.80039053,x40,Control,4
322,1,Low,-23.75,1.5411035,x40,Control,5
336,1,Low,-18.875,1.90804219,x40,Control,6
342,1,Low,-13.125,1.32876823,x40,Control,7
355,1,Low,-20.25,0.93541435,x40,Control,8
369,1,Low,-21.875,1.70018381,x40,Control,9
377,1,Low,-19.875,1.17924764,x40,Control,10
389,1,Low,-19.5,1.3462912,x40,Control,11
392,1,Low,-20.0,1.41421356,x40,Control,12
286,1,High,-3.875,1.58607219,x40,Control,1
299,1,High,-8.625,1.32876823,x40,Control,2
305,1,High,-6.75,0.55901699,x40,Control,3
315,1,High,-2.0,1.27475488,x40,Control,4
323,1,High,-9.375,1.00778222,x40,Control,5
340,1,High,-1.375,1.875,x40,Control,6
345,1,High,-8.25,1.47901995,x40,Control,7
353,1,High,-8.125,0.9437293,x40,Control,8
368,1,High,-7.25,0.93541435,x40,Control,9
374,1,High,-10.125,1.00778222,x40,Control,10
383,1,High,-5.375,1.32876823,x40,Control,11
399,1,High,-7.875,2.00390244,x40,Control,12
402,1,Low,-7.75,0.75,x45,Control,1
420,1,Low,-6.75,0.93541435,x45,Control,2
428,1,Low,-10.25,1.11803399,x45,Control,3
437,1,Low,-8.75,0.93541435,x45,Control,4
447,1,Low,-8.875,1.92435054,x45,Control,5
460,1,Low,-7.375,0.71807033,x45,Control,6
465,1,Low,-11.75,0.93541435,x45,Control,7
479,1,Low,-12.375,1.00778222,x45,Control,8
489,1,Low,-9.5,0.70710678,x45,Control,9
498,1,Low,-9.875,0.80039053,x45,Control,10
501,1,Low,-8.75,0.55901699,x45,Control,11
513,1,Low,-8.0,0.8291562,x45,Control,12
409,1,High,-6.75,1.27475488,x45,Control,1
419,1,High,-7.75,1.43614066,x45,Control,2
423,1,High,-7.375,0.71807033,x45,Control,3
431,1,High,-3.75,0.93541435,x45,Control,4
448,1,High,-7.25,0.55901699,x45,Control,5
456,1,High,-5.375,1.09687055,x45,Control,6
463,1,High,-11.25,0.93541435,x45,Control,7
476,1,High,-10.375,1.66301684,x45,Control,8
484,1,High,-4.375,2.47802845,x45,Control,9
496,1,High,-7.0,1.98431348,x45,Control,10
510,1,High,-3.25,1.29903811,x45,Control,11
515,1,High,-2.375,1.58607219,x45,Control,12
521,1,Low,-9.375,1.80710404,x46,Control,1
537,1,Low,-5.75,0.70710678,x46,Control,2
548,1,Low,-9.625,1.48429276,x46,Control,3
559,1,Low,-14.0,1.19895788,x46,Control,4
563,1,Low,-12.125,1.75445861,x46,Control,5
579,1,Low,-12.875,0.80039053,x46,Control,6
590,1,Low,-9.875,1.90804219,x46,Control,7
596,1,Low,-17.125,0.71807033,x46,Control,8
606,1,Low,-13.0,1.36930639,x46,Control,9
617,1,Low,-13.125,0.80039053,x46,Control,10
623,1,Low,-9.125,0.80039053,x46,Control,11
640,1,Low,-14.75,1.03077641,x46,Control,12
529,1,High,1.125,1.17924764,x46,Control,1
533,1,High,-3.25,1.43614066,x46,Control,2
541,1,High,-3.125,1.00778222,x46,Control,3
560,1,High,-3.5,1.47901995,x46,Control,4
569,1,High,-1.375,1.875,x46,Control,5
576,1,High,-0.5,1.47901995,x46,Control,6
583,1,High,0.0,0.55901699,x46,Control,7
600,1,High,-2.5,1.29903811,x46,Control,8
607,1,High,-4.125,1.58607219,x46,Control,9
619,1,High,-4.125,1.39754249,x46,Control,10
630,1,High,-4.75,1.22474487,x46,Control,11
637,1,High,-4.625,0.5153882,x46,Control,12
644,1,Low,-5.75,0.55901699,x49,Control,1
653,1,Low,-7.0,1.43614066,x49,Control,2
664,1,Low,-7.75,0.96824584,x49,Control,3
672,1,Low,-6.75,1.92028644,x49,Control,4
682,1,Low,-8.25,1.6583124,x49,Control,5
696,1,Low,-7.125,0.6731456,x49,Control,6
709,1,Low,-3.0,1.92028644,x49,Control,7
712,1,Low,-6.625,0.9437293,x49,Control,8
729,1,Low,-9.125,0.6731456,x49,Control,9
739,1,Low,-6.875,1.70018381,x49,Control,10
741,1,Low,-13.0,1.06066017,x49,Control,11
752,1,Low,-6.5,0.93541435,x49,Control,12
647,1,High,-6.375,3.954823,x49,Control,1
654,1,High,-3.875,1.70018381,x49,Control,2
666,1,High,7.875,1.32876823,x49,Control,3
675,1,High,-1.375,1.77218086,x49,Control,4
681,1,High,-2.875,1.125,x49,Control,5
691,1,High,-4.75,0.96824584,x49,Control,6
704,1,High,-0.625,2.5890394,x49,Control,7
718,1,High,0.625,2.18303115,x49,Control,8
723,1,High,0.25,3.230712,x49,Control,9
740,1,High,4.625,0.71807033,x49,Control,10
745,1,High,-5.375,1.32876823,x49,Control,11
756,1,High,-5.25,1.71391365,x49,Control,12
764,1,Low,-16.5,0.55901699,x50,Control,1
774,1,Low,-11.125,1.71846589,x50,Control,2
787,1,Low,-4.375,1.125,x50,Control,3
791,1,Low,-11.875,1.28086885,x50,Control,4
805,1,Low,-2.875,0.71807033,x50,Control,5
811,1,Low,-16.75,1.62018517,x50,Control,6
830,1,Low,-13.625,0.5153882,x50,Control,7
839,1,Low,-14.0,0.93541435,x50,Control,8
843,1,Low,-13.25,1.03077641,x50,Control,9
852,1,Low,-16.0,0.75,x50,Control,10
864,1,Low,-12.0,1.27475488,x50,Control,11
878,1,Low,-17.75,1.11803399,x50,Control,12
763,1,High,1.25,0.96824584,x50,Control,1
771,1,High,1.5,0.93541435,x50,Control,2
789,1,High,2.25,1.47901995,x50,Control,3
795,1,High,-1.875,0.91001374,x50,Control,4
803,1,High,13.0,0.0,x50,Control,5
813,1,High,-2.25,1.47901995,x50,Control,6
821,1,High,-6.875,0.6731456,x50,Control,7
835,1,High,1.875,1.32876823,x50,Control,8
842,1,High,-4.25,1.3462912,x50,Control,9
853,1,High,-5.75,1.3462912,x50,Control,10
867,1,High,-6.625,2.69548233,x50,Control,11
873,1,High,-4.375,1.03832798,x50,Control,12
888,1,Low,-7.0,0.96824584,x51,Control,1
894,1,Low,-11.375,0.80039053,x51,Control,2
902,1,Low,-9.0,0.55901699,x51,Control,3
912,1,Low,-8.5,1.43614066,x51,Control,4
923,1,Low,-13.625,0.80039053,x51,Control,5
938,1,Low,-16.75,0.75,x51,Control,6
944,1,Low,-14.5,0.96824584,x51,Control,7
956,1,Low,-17.125,1.03832798,x51,Control,8
965,1,Low,-16.75,0.96824584,x51,Control,9
974,1,Low,-15.875,0.80039053,x51,Control,10
988,1,Low,-16.375,1.41972709,x51,Control,11
993,1,Low,-19.25,1.87082869,x51,Control,12
881,1,High,-1.875,1.70018381,x51,Control,1
892,1,High,-3.125,0.80039053,x51,Control,2
901,1,High,-9.125,1.32876823,x51,Control,3
915,1,High,-7.375,0.375,x51,Control,4
921,1,High,-6.875,0.6731456,x51,Control,5
932,1,High,-9.75,1.41421356,x51,Control,6
943,1,High,-3.125,0.5153882,x51,Control,7
958,1,High,-6.625,1.875,x51,Control,8
964,1,High,-5.5,1.29903811,x51,Control,9
978,1,High,-2.5,1.93649167,x51,Control,10
989,1,High,-7.625,1.00778222,x51,Control,11
995,1,High,-2.625,1.70018381,x51,Control,12
1003,1,Low,-9.125,2.00390244,x52,Control,1
1011,1,Low,-13.0,0.96824584,x52,Control,2
1021,1,Low,-11.0,0.93541435,x52,Control,3
1040,1,Low,-13.375,0.71807033,x52,Control,4
1046,1,Low,-13.75,2.20794022,x52,Control,5
1053,1,Low,-19.375,0.375,x52,Control,6
1070,1,Low,-8.875,0.375,x52,Control,7
1075,1,Low,-10.875,0.80039053,x52,Control,8
1082,1,Low,-13.625,1.25623445,x52,Control,9
1100,1,Low,-13.375,2.47802845,x52,Control,10
1109,1,Low,-16.625,2.18303115,x52,Control,11
1111,1,Low,-12.75,0.70710678,x52,Control,12
1006,1,High,-1.0,0.96824584,x52,Control,1
1016,1,High,-5.25,2.43669859,x52,Control,2
1022,1,High,-1.5,2.10653744,x52,Control,3
1035,1,High,-5.875,1.41972709,x52,Control,4
1044,1,High,-2.375,0.91001374,x52,Control,5
1056,1,High,-0.75,1.47901995,x52,Control,6
1067,1,High,4.125,0.80039053,x52,Control,7
1078,1,High,-2.75,0.70710678,x52,Control,8
1090,1,High,-7.25,1.92028644,x52,Control,9
1097,1,High,-6.125,1.17924764,x52,Control,10
1106,1,High,-3.375,0.80039053,x52,Control,11
1118,1,High,-2.25,1.11803399,x52,Control,12
1122,1,Low,-11.0,0.70710678,x53,Control,1
1136,1,Low,-11.25,0.55901699,x53,Control,2
1148,1,Low,-9.125,0.80039053,x53,Control,3
1153,1,Low,-11.75,0.55901699,x53,Control,4
1166,1,Low,-9.0,0.55901699,x53,Control,5
1180,1,Low,-11.875,1.125,x53,Control,6
1183,1,Low,-14.375,1.80710404,x53,Control,7
1195,1,Low,-6.625,1.875,x53,Control,8
1204,1,Low,-5.875,0.9437293,x53,Control,9
1217,1,Low,-11.25,1.71391365,x53,Control,10
1226,1,Low,-8.375,2.34853678,x53,Control,11
1237,1,Low,-9.75,2.27760839,x53,Control,12
1128,1,High,-0.625,0.9437293,x53,Control,1
1134,1,High,5.375,0.9437293,x53,Control,2
1146,1,High,-0.875,3.68485074,x53,Control,3
1155,1,High,-3.625,2.11024288,x53,Control,4
1161,1,High,7.5,0.8291562,x53,Control,5
1171,1,High,-2.625,1.09687055,x53,Control,6
1181,1,High,-4.0,1.29903811,x53,Control,7
1199,1,High,3.125,1.48429276,x53,Control,8
1203,1,High,-2.25,2.31840462,x53,Control,9
1220,1,High,-9.125,1.17924764,x53,Control,10
1228,1,High,-6.625,0.71807033,x53,Control,11
1238,1,High,-1.75,2.52487623,x53,Control,12
1248,1,Low,-8.625,1.25623445,x54,Control,1
1260,1,Low,-3.125,1.80710404,x54,Control,2
1269,1,Low,-6.75,0.8291562,x54,Control,3
1272,1,Low,-0.25,0.96824584,x54,Control,4
1285,1,Low,-9.125,2.34853678,x54,Control,5
1295,1,Low,-16.375,0.71807033,x54,Control,6
1301,1,Low,-11.25,0.8291562,x54,Control,7
1319,1,Low,-12.75,2.54950976,x54,Control,8
1325,1,Low,-15.5,1.11803399,x54,Control,9
1333,1,Low,-12.625,0.71807033,x54,Control,10
1341,1,Low,-14.625,2.00390244,x54,Control,11
1360,1,Low,-18.75,1.60078106,x54,Control,12
1245,1,High,-0.25,1.62018517,x54,Control,1
1256,1,High,-2.25,1.47901995,x54,Control,2
1267,1,High,-7.5,0.70710678,x54,Control,3
1273,1,High,-6.75,0.8291562,x54,Control,4
1287,1,High,-7.375,1.28086885,x54,Control,5
1297,1,High,-0.375,1.09687055,x54,Control,6
1304,1,High,0.625,1.80710404,x54,Control,7
1311,1,High,-7.25,2.35849528,x54,Control,8
1330,1,High,-5.0,2.06155281,x54,Control,9
1336,1,High,-7.375,1.66301684,x54,Control,10
1350,1,High,-2.75,1.19895788,x54,Control,11
1354,1,High,-7.0,1.22474487,x54,Control,12
48,3,Low,-2.75,1.03077641,x32,Control,1
56,3,Low,-4.5,3.14245127,x32,Control,2
64,3,Low,-5.375,2.00390244,x32,Control,3
75,3,Low,-7.0,2.07665597,x32,Control,4
88,3,Low,-5.625,0.91001374,x32,Control,5
94,3,Low,-5.875,1.66301684,x32,Control,6
106,3,Low,-9.625,1.66301684,x32,Control,7
116,3,Low,-7.5,2.43669859,x32,Control,8
124,3,Low,-4.75,0.8660254,x32,Control,9
137,3,Low,-8.0,1.3462912,x32,Control,10
141,3,Low,-8.625,0.80039053,x32,Control,11
158,3,Low,-6.125,0.80039053,x32,Control,12
49,3,High,-2.75,0.8291562,x32,Control,1
51,3,High,-2.375,1.17924764,x32,Control,2
61,3,High,-6.125,1.17924764,x32,Control,3
76,3,High,-2.75,3.28823661,x32,Control,4
90,3,High,-4.625,1.32876823,x32,Control,5
98,3,High,1.125,2.18303115,x32,Control,6
109,3,High,-4.25,2.1937411,x32,Control,7
111,3,High,0.5,0.61237244,x32,Control,8
129,3,High,0.625,0.6731456,x32,Control,9
134,3,High,-2.25,2.31840462,x32,Control,10
149,3,High,-1.25,2.31840462,x32,Control,11
160,3,High,-1.0,1.5612495,x32,Control,12
168,3,Low,-7.125,1.17924764,x34,Control,1
178,3,Low,-11.125,0.71807033,x34,Control,2
183,3,Low,-10.625,1.17924764,x34,Control,3
192,3,Low,-10.75,1.5612495,x34,Control,4
207,3,Low,-12.375,0.80039053,x34,Control,5
216,3,Low,-12.5,1.11803399,x34,Control,6
224,3,Low,-14.125,0.375,x34,Control,7
233,3,Low,-11.5,1.78535711,x34,Control,8
247,3,Low,-11.125,1.125,x34,Control,9
253,3,Low,-14.0,0.93541435,x34,Control,10
261,3,Low,-15.0,1.6583124,x34,Control,11
273,3,Low,-14.875,0.375,x34,Control,12
167,3,High,4.625,1.28086885,x34,Control,1
180,3,High,0.5,0.61237244,x34,Control,2
190,3,High,4.125,0.80039053,x34,Control,3
196,3,High,-5.125,2.23955911,x34,Control,4
206,3,High,1.125,1.09687055,x34,Control,5
214,3,High,-4.0,0.61237244,x34,Control,6
227,3,High,-1.375,0.71807033,x34,Control,7
235,3,High,0.375,1.39754249,x34,Control,8
245,3,High,3.0,1.03077641,x34,Control,9
258,3,High,1.625,2.40117159,x34,Control,10
269,3,High,-3.75,1.41421356,x34,Control,11
272,3,High,-0.75,1.03077641,x34,Control,12
287,3,Low,-6.0,0.70710678,x40,Control,1
295,3,Low,-9.625,1.77218086,x40,Control,2
307,3,Low,-15.625,1.66301684,x40,Control,3
313,3,Low,-12.0,1.11803399,x40,Control,4
325,3,Low,-15.625,1.875,x40,Control,5
334,3,Low,-10.125,0.80039053,x40,Control,6
349,3,Low,-9.375,2.64870251,x40,Control,7
357,3,Low,-8.625,1.17924764,x40,Control,8
362,3,Low,-3.375,1.90804219,x40,Control,9
376,3,Low,-13.0,1.5612495,x40,Control,10
388,3,Low,-9.125,2.00390244,x40,Control,11
395,3,Low,-6.375,1.46308749,x40,Control,12
289,3,High,-2.75,0.55901699,x40,Control,1
296,3,High,-1.75,4.17582327,x40,Control,2
304,3,High,-5.875,1.28086885,x40,Control,3
311,3,High,-2.625,1.00778222,x40,Control,4
327,3,High,-3.75,0.8291562,x40,Control,5
333,3,High,-9.625,0.71807033,x40,Control,6
343,3,High,0.875,1.125,x40,Control,7
356,3,High,-7.125,0.80039053,x40,Control,8
370,3,High,-5.0,1.03077641,x40,Control,9
371,3,High,-6.75,1.6583124,x40,Control,10
387,3,High,-9.125,1.00778222,x40,Control,11
397,3,High,-8.125,0.375,x40,Control,12
403,3,Low,0.125,0.375,x45,Control,1
417,3,Low,-1.25,3.28823661,x45,Control,2
421,3,Low,-1.875,0.80039053,x45,Control,3
433,3,Low,-0.125,1.32876823,x45,Control,4
441,3,Low,0.25,0.8291562,x45,Control,5
459,3,Low,-4.75,1.5612495,x45,Control,6
466,3,Low,-3.625,0.83852549,x45,Control,7
480,3,Low,-7.25,0.55901699,x45,Control,8
486,3,Low,-10.375,1.28086885,x45,Control,9
499,3,Low,-5.875,0.71807033,x45,Control,10
502,3,Low,-10.375,0.375,x45,Control,11
514,3,Low,-8.5,0.61237244,x45,Control,12
401,3,High,-3.375,1.58607219,x45,Control,1
414,3,High,1.875,1.00778222,x45,Control,2
426,3,High,2.875,1.58607219,x45,Control,3
434,3,High,5.875,0.80039053,x45,Control,4
443,3,High,-0.375,0.80039053,x45,Control,5
452,3,High,-1.5,1.11803399,x45,Control,6
467,3,High,3.375,1.17924764,x45,Control,7
473,3,High,-4.25,0.8291562,x45,Control,8
482,3,High,-8.0,2.31840462,x45,Control,9
497,3,High,-2.375,1.17924764,x45,Control,10
508,3,High,-5.75,0.55901699,x45,Control,11
520,3,High,-5.0,1.3462912,x45,Control,12
523,3,Low,-5.875,3.93898781,x46,Control,1
532,3,Low,-6.0,1.3462912,x46,Control,2
545,3,Low,-6.0,0.55901699,x46,Control,3
556,3,Low,-8.875,0.375,x46,Control,4
570,3,Low,-11.125,0.71807033,x46,Control,5
575,3,Low,-10.0,1.22474487,x46,Control,6
582,3,Low,-12.875,1.80710404,x46,Control,7
598,3,Low,-9.375,1.17924764,x46,Control,8
610,3,Low,-10.875,1.17924764,x46,Control,9
611,3,Low,-11.375,2.50312305,x46,Control,10
621,3,Low,-16.375,0.71807033,x46,Control,11
639,3,Low,-15.625,0.71807033,x46,Control,12
527,3,High,9.25,0.61237244,x46,Control,1
534,3,High,0.875,1.28086885,x46,Control,2
544,3,High,0.25,3.0516389,x46,Control,3
551,3,High,9.25,0.61237244,x46,Control,4
564,3,High,-1.875,1.46308749,x46,Control,5
580,3,High,-1.375,1.125,x46,Control,6
585,3,High,-4.375,1.77218086,x46,Control,7
592,3,High,-0.625,0.71807033,x46,Control,8
605,3,High,-4.75,0.96824584,x46,Control,9
613,3,High,1.75,0.8291562,x46,Control,10
629,3,High,1.75,0.55901699,x46,Control,11
638,3,High,0.625,0.6731456,x46,Control,12
643,3,Low,-9.5,1.5411035,x49,Control,1
660,3,Low,-1.25,2.1937411,x49,Control,2
668,3,Low,-3.125,3.04394892,x49,Control,3
679,3,Low,-4.25,0.55901699,x49,Control,4
685,3,Low,1.25,1.36930639,x49,Control,5
698,3,Low,-4.5,0.93541435,x49,Control,6
701,3,Low,-9.5,1.3462912,x49,Control,7
715,3,Low,-6.125,0.91001374,x49,Control,8
721,3,Low,-10.375,1.28086885,x49,Control,9
732,3,Low,-8.0,1.6583124,x49,Control,10
744,3,Low,-4.125,1.17924764,x49,Control,11
757,3,Low,-3.75,0.55901699,x49,Control,12
648,3,High,2.75,1.62018517,x49,Control,1
652,3,High,0.375,1.00778222,x49,Control,2
669,3,High,3.625,2.09538183,x49,Control,3
678,3,High,-4.875,0.80039053,x49,Control,4
683,3,High,4.75,0.55901699,x49,Control,5
692,3,High,-4.75,2.77263413,x49,Control,6
705,3,High,3.875,0.9437293,x49,Control,7
714,3,High,9.25,0.61237244,x49,Control,8
728,3,High,2.0,2.20794022,x49,Control,9
737,3,High,6.125,1.77218086,x49,Control,10
746,3,High,4.0,1.47901995,x49,Control,11
754,3,High,1.0,1.03077641,x49,Control,12
769,3,Low,-6.625,0.71807033,x50,Control,1
779,3,Low,-4.0,0.96824584,x50,Control,2
788,3,Low,2.25,0.55901699,x50,Control,3
793,3,Low,-1.5,3.86490621,x50,Control,4
802,3,Low,-1.625,2.30827316,x50,Control,5
816,3,Low,-2.375,0.80039053,x50,Control,6
829,3,Low,-4.25,1.03077641,x50,Control,7
832,3,Low,-6.75,0.55901699,x50,Control,8
844,3,Low,0.5,1.06066017,x50,Control,9
851,3,Low,-1.375,0.375,x50,Control,10
865,3,Low,0.0,0.55901699,x50,Control,11
879,3,Low,-3.0,1.47901995,x50,Control,12
765,3,High,-2.375,1.09687055,x50,Control,1
773,3,High,3.25,1.03077641,x50,Control,2
783,3,High,13.0,0.0,x50,Control,3
800,3,High,13.0,0.0,x50,Control,4
804,3,High,13.0,0.0,x50,Control,5
819,3,High,-0.125,0.5153882,x50,Control,6
824,3,High,2.25,0.93541435,x50,Control,7
834,3,High,-4.0,2.73861279,x50,Control,8
847,3,High,3.375,1.17924764,x50,Control,9
859,3,High,7.375,0.5153882,x50,Control,10
861,3,High,4.125,0.80039053,x50,Control,11
877,3,High,-1.25,0.55901699,x50,Control,12
885,3,Low,3.5,0.61237244,x51,Control,1
893,3,Low,-3.25,0.61237244,x51,Control,2
909,3,Low,0.0,0.55901699,x51,Control,3
911,3,Low,-4.0,1.43614066,x51,Control,4
930,3,Low,-11.125,0.375,x51,Control,5
937,3,Low,-6.75,2.79508497,x51,Control,6
947,3,Low,-10.25,0.8291562,x51,Control,7
954,3,Low,-6.75,0.55901699,x51,Control,8
967,3,Low,-10.0,1.36930639,x51,Control,9
980,3,Low,-5.625,0.6731456,x51,Control,10
983,3,Low,-4.125,0.80039053,x51,Control,11
992,3,Low,-11.875,0.71807033,x51,Control,12
883,3,High,-2.125,0.71807033,x51,Control,1
900,3,High,-6.375,2.98171511,x51,Control,2
903,3,High,-3.875,0.91001374,x51,Control,3
920,3,High,2.625,1.00778222,x51,Control,4
926,3,High,3.375,2.00390244,x51,Control,5
935,3,High,1.125,1.17924764,x51,Control,6
950,3,High,-7.25,1.11803399,x51,Control,7
957,3,High,-10.5,1.11803399,x51,Control,8
968,3,High,-1.875,0.6731456,x51,Control,9
971,3,High,-8.25,0.55901699,x51,Control,10
985,3,High,-5.75,1.11803399,x51,Control,11
998,3,High,-1.75,0.61237244,x51,Control,12
1002,3,Low,-6.0,1.19895788,x52,Control,1
1012,3,Low,-5.5,1.93649167,x52,Control,2
1029,3,Low,-5.75,1.76776695,x52,Control,3
1031,3,Low,-4.25,1.11803399,x52,Control,4
1042,3,Low,-6.875,0.5153882,x52,Control,5
1059,3,Low,-5.25,0.70710678,x52,Control,6
1069,3,Low,-6.25,1.5612495,x52,Control,7
1077,3,Low,-5.875,0.71807033,x52,Control,8
1089,3,Low,-12.25,0.61237244,x52,Control,9
1099,3,Low,-8.875,0.9437293,x52,Control,10
1101,3,Low,-10.5,0.93541435,x52,Control,11
1114,3,Low,-7.0,1.83711731,x52,Control,12
1008,3,High,-0.75,1.19895788,x52,Control,1
1018,3,High,-5.125,1.03832798,x52,Control,2
1023,3,High,-5.5,0.61237244,x52,Control,3
1037,3,High,-1.75,1.43614066,x52,Control,4
1047,3,High,-5.625,0.5153882,x52,Control,5
1054,3,High,-4.875,2.46538537,x52,Control,6
1063,3,High,6.125,0.375,x52,Control,7
1071,3,High,-5.75,1.27475488,x52,Control,8
1087,3,High,-3.0,1.3462912,x52,Control,9
1095,3,High,-3.0,2.76134025,x52,Control,10
1102,3,High,3.0,1.41421356,x52,Control,11
1119,3,High,-4.5,0.55901699,x52,Control,12
1129,3,Low,-2.5,1.93649167,x53,Control,1
1139,3,Low,-5.125,0.375,x53,Control,2
1144,3,Low,-4.5,1.60078106,x53,Control,3
1154,3,Low,-9.0,0.93541435,x53,Control,4
1170,3,Low,-4.75,1.29903811,x53,Control,5
1175,3,Low,-4.5,1.19895788,x53,Control,6
1182,3,Low,-3.125,0.80039053,x53,Control,7
1200,3,Low,-3.875,0.80039053,x53,Control,8
1202,3,Low,-0.75,2.27760839,x53,Control,9
1218,3,Low,0.625,0.80039053,x53,Control,10
1227,3,Low,-5.25,0.93541435,x53,Control,11
1236,3,Low,-0.75,0.55901699,x53,Control,12
1123,3,High,-3.125,1.70018381,x53,Control,1
1133,3,High,0.25,1.5411035,x53,Control,2
1143,3,High,-2.875,2.89665756,x53,Control,3
1158,3,High,-1.125,1.17924764,x53,Control,4
1164,3,High,6.45833333,3.44727147,x53,Control,5
1178,3,High,2.0,1.29903811,x53,Control,6
1187,3,High,-5.5,1.22474487,x53,Control,7
1191,3,High,3.75,1.11803399,x53,Control,8
1208,3,High,8.66666667,1.25554326,x53,Control,9
1216,3,High,5.25,0.55901699,x53,Control,10
1229,3,High,-3.5,2.31840462,x53,Control,11
1231,3,High,-1.25,1.27475488,x53,Control,12
1241,3,Low,-7.625,1.46308749,x54,Control,1
1259,3,Low,0.875,1.41972709,x54,Control,2
1268,3,Low,-4.5,1.03077641,x54,Control,3
1271,3,Low,-1.125,1.70018381,x54,Control,4
1289,3,Low,-7.875,1.80710404,x54,Control,5
1299,3,Low,-10.375,0.83852549,x54,Control,6
1309,3,Low,-9.375,1.90804219,x54,Control,7
1320,3,Low,-9.75,1.19895788,x54,Control,8
1327,3,Low,-13.625,1.25623445,x54,Control,9
1337,3,Low,-11.125,1.28086885,x54,Control,10
1345,3,Low,-17.875,0.71807033,x54,Control,11
1358,3,Low,-11.75,2.54950976,x54,Control,12
1247,3,High,2.75,1.5612495,x54,Control,1
1254,3,High,-7.375,2.69548233,x54,Control,2
1263,3,High,1.25,1.36930639,x54,Control,3
1279,3,High,3.75,1.27475488,x54,Control,4
1282,3,High,-1.0,2.93683503,x54,Control,5
1292,3,High,-5.125,0.71807033,x54,Control,6
1308,3,High,-0.75,1.76776695,x54,Control,7
1318,3,High,-1.125,1.46308749,x54,Control,8
1326,3,High,-2.75,1.03077641,x54,Control,9
1334,3,High,-8.625,1.46308749,x54,Control,10
1346,3,High,-1.25,1.11803399,x54,Control,11
1352,3,High,-4.75,2.20794022,x54,Control,12
42,5,Low,-3.0,1.3462912,x32,Control,1
60,5,Low,-6.375,1.09687055,x32,Control,2
65,5,Low,-3.625,0.375,x32,Control,3
73,5,Low,-4.0,0.96824584,x32,Control,4
83,5,Low,-9.0,1.03077641,x32,Control,5
97,5,Low,-6.375,0.80039053,x32,Control,6
101,5,Low,-9.375,1.46308749,x32,Control,7
113,5,Low,-5.875,0.71807033,x32,Control,8
130,5,Low,-3.75,2.62202212,x32,Control,9
140,5,Low,-5.375,0.80039053,x32,Control,10
148,5,Low,-3.0,1.03077641,x32,Control,11
153,5,Low,-5.5,1.5612495,x32,Control,12
47,5,High,-4.0,1.22474487,x32,Control,1
54,5,High,-2.25,1.41421356,x32,Control,2
68,5,High,13.0,0.0,x32,Control,3
72,5,High,13.0,0.0,x32,Control,4
84,5,High,9.375,0.80039053,x32,Control,5
93,5,High,-7.125,2.7866871,x32,Control,6
102,5,High,-3.875,3.954823,x32,Control,7
120,5,High,13.0,0.0,x32,Control,8
128,5,High,5.45833333,2.05860322,x32,Control,9
139,5,High,2.0,2.29128785,x32,Control,10
142,5,High,7.875,0.91001374,x32,Control,11
157,5,High,13.0,0.0,x32,Control,12
165,5,Low,-3.375,0.91001374,x34,Control,1
173,5,Low,-13.0,1.22474487,x34,Control,2
184,5,Low,-9.125,1.90804219,x34,Control,3
191,5,Low,-16.375,1.28086885,x34,Control,4
210,5,Low,-13.625,0.5153882,x34,Control,5
213,5,Low,-5.875,0.71807033,x34,Control,6
223,5,Low,-10.125,0.80039053,x34,Control,7
239,5,Low,-10.875,0.5153882,x34,Control,8
244,5,Low,-10.0,0.96824584,x34,Control,9
252,5,Low,-8.25,2.58602011,x34,Control,10
268,5,Low,-17.25,2.47487373,x34,Control,11
280,5,Low,-20.75,0.93541435,x34,Control,12
162,5,High,5.70833333,3.75115723,x34,Control,1
175,5,High,7.75,0.96824584,x34,Control,2
181,5,High,0.125,1.66301684,x34,Control,3
199,5,High,4.875,0.80039053,x34,Control,4
202,5,High,8.83333333,0.73124703,x34,Control,5
212,5,High,1.375,1.00778222,x34,Control,6
222,5,High,4.0,2.47487373,x34,Control,7
238,5,High,5.25,2.01556444,x34,Control,8
249,5,High,-0.25,2.59807621,x34,Control,9
254,5,High,6.875,1.48429276,x34,Control,10
263,5,High,2.875,0.80039053,x34,Control,11
277,5,High,6.25,1.19895788,x34,Control,12
284,5,Low,1.5,1.47901995,x40,Control,1
297,5,Low,-0.125,2.50312305,x40,Control,2
302,5,Low,-7.125,2.57694102,x40,Control,3
317,5,Low,-5.5,1.62018517,x40,Control,4
324,5,Low,-0.375,1.85825859,x40,Control,5
331,5,Low,-9.625,2.40117159,x40,Control,6
347,5,Low,-7.375,1.125,x40,Control,7
358,5,Low,-9.125,0.80039053,x40,Control,8
361,5,Low,-8.25,2.65753645,x40,Control,9
375,5,Low,-10.25,0.70710678,x40,Control,10
385,5,Low,-11.875,0.83852549,x40,Control,11
393,5,Low,-6.375,0.5153882,x40,Control,12
281,5,High,7.25,0.93541435,x40,Control,1
293,5,High,6.375,0.91001374,x40,Control,2
310,5,High,0.375,1.25623445,x40,Control,3
314,5,High,9.0,1.60078106,x40,Control,4
326,5,High,5.125,0.80039053,x40,Control,5
332,5,High,7.5,1.82002747,x40,Control,6
341,5,High,4.125,1.32876823,x40,Control,7
352,5,High,0.5,2.96858552,x40,Control,8
363,5,High,-0.125,2.34853678,x40,Control,9
372,5,High,1.125,0.80039053,x40,Control,10
382,5,High,-2.375,1.70018381,x40,Control,11
394,5,High,1.0,0.70710678,x40,Control,12
404,5,Low,1.125,2.7866871,x45,Control,1
411,5,Low,1.875,0.6731456,x45,Control,2
422,5,Low,5.125,0.80039053,x45,Control,3
436,5,Low,-3.0,0.8291562,x45,Control,4
446,5,Low,-2.125,0.9437293,x45,Control,5
454,5,Low,-4.875,2.09538183,x45,Control,6
462,5,Low,-2.875,1.28086885,x45,Control,7
477,5,Low,-9.0,0.8291562,x45,Control,8
490,5,Low,-4.25,1.19895788,x45,Control,9
500,5,Low,-3.375,1.00778222,x45,Control,10
505,5,Low,-4.875,0.80039053,x45,Control,11
518,5,Low,-3.625,0.9437293,x45,Control,12
406,5,High,5.375,1.28086885,x45,Control,1
416,5,High,-0.25,1.43614066,x45,Control,2
425,5,High,6.375,1.09687055,x45,Control,3
439,5,High,-3.25,1.62018517,x45,Control,4
449,5,High,1.0,1.82002747,x45,Control,5
455,5,High,-5.375,1.46308749,x45,Control,6
469,5,High,-1.375,3.14493641,x45,Control,7
472,5,High,0.125,0.375,x45,Control,8
488,5,High,3.125,0.71807033,x45,Control,9
495,5,High,1.75,1.60078106,x45,Control,10
507,5,High,-3.375,1.32876823,x45,Control,11
516,5,High,4.125,0.80039053,x45,Control,12
526,5,Low,-0.125,1.25623445,x46,Control,1
540,5,Low,-5.5,1.29903811,x46,Control,2
549,5,Low,-9.125,2.50312305,x46,Control,3
553,5,Low,-7.875,1.6441183,x46,Control,4
562,5,Low,-7.25,0.8291562,x46,Control,5
571,5,Low,-5.125,1.125,x46,Control,6
586,5,Low,-13.125,1.09687055,x46,Control,7
593,5,Low,-11.125,0.71807033,x46,Control,8
604,5,Low,-12.5,1.27475488,x46,Control,9
618,5,Low,-9.75,1.03077641,x46,Control,10
627,5,Low,-11.75,0.93541435,x46,Control,11
636,5,Low,-10.875,1.46308749,x46,Control,12
524,5,High,3.875,2.89665756,x46,Control,1
539,5,High,13.0,0.0,x46,Control,2
542,5,High,13.0,0.0,x46,Control,3
557,5,High,13.0,0.0,x46,Control,4
567,5,High,6.625,3.65932029,x46,Control,5
574,5,High,9.625,0.375,x46,Control,6
587,5,High,8.0,0.93541435,x46,Control,7
591,5,High,4.375,0.5153882,x46,Control,8
608,5,High,5.0,3.06186218,x46,Control,9
616,5,High,2.125,0.80039053,x46,Control,10
625,5,High,7.5,0.55901699,x46,Control,11
631,5,High,2.125,1.32876823,x46,Control,12
645,5,Low,-1.75,2.80624304,x49,Control,1
655,5,Low,-3.375,1.95655948,x49,Control,2
662,5,Low,-4.375,0.71807033,x49,Control,3
671,5,Low,-4.5,1.03077641,x49,Control,4
689,5,Low,-4.875,1.17924764,x49,Control,5
695,5,Low,-8.125,1.77218086,x49,Control,6
706,5,Low,-7.625,1.09687055,x49,Control,7
717,5,Low,-5.625,0.80039053,x49,Control,8
724,5,Low,-1.875,0.80039053,x49,Control,9
735,5,Low,-3.625,2.06533896,x49,Control,10
742,5,Low,-7.875,1.58607219,x49,Control,11
753,5,Low,-11.5,1.67705098,x49,Control,12
649,5,High,3.25,2.35849528,x49,Control,1
656,5,High,13.0,0.0,x49,Control,2
661,5,High,13.0,0.0,x49,Control,3
673,5,High,4.375,3.16474723,x49,Control,4
684,5,High,7.375,2.55257223,x49,Control,5
693,5,High,7.58333333,1.76580168,x49,Control,6
708,5,High,7.20833333,2.27951323,x49,Control,7
719,5,High,-4.125,4.44585481,x49,Control,8
722,5,High,13.0,0.0,x49,Control,9
738,5,High,13.0,0.0,x49,Control,10
749,5,High,9.125,0.80039053,x49,Control,11
760,5,High,-2.375,2.18303115,x49,Control,12
762,5,Low,0.25,0.70710678,x50,Control,1
778,5,Low,3.875,0.9437293,x50,Control,2
785,5,Low,1.625,0.71807033,x50,Control,3
796,5,Low,1.25,3.79967104,x50,Control,4
806,5,Low,13.0,0.0,x50,Control,5
818,5,Low,0.75,1.03077641,x50,Control,6
823,5,Low,1.0,1.19895788,x50,Control,7
838,5,Low,0.0,0.55901699,x50,Control,8
850,5,Low,-0.75,0.70710678,x50,Control,9
856,5,Low,-9.375,0.80039053,x50,Control,10
862,5,Low,-7.25,1.60078106,x50,Control,11
871,5,Low,-2.125,2.23955911,x50,Control,12
767,5,High,13.0,0.0,x50,Control,1
780,5,High,13.0,0.0,x50,Control,2
782,5,High,13.0,0.0,x50,Control,3
798,5,High,13.0,0.0,x50,Control,4
801,5,High,6.875,2.96067982,x50,Control,5
815,5,High,-0.5,1.11803399,x50,Control,6
827,5,High,1.0,2.65753645,x50,Control,7
831,5,High,-1.375,1.66301684,x50,Control,8
846,5,High,3.875,2.96067982,x50,Control,9
858,5,High,9.5,0.55901699,x50,Control,10
866,5,High,-0.5,0.93541435,x50,Control,11
874,5,High,13.0,0.0,x50,Control,12
889,5,Low,2.0,1.62018517,x51,Control,1
898,5,Low,-1.375,1.28086885,x51,Control,2
907,5,Low,6.5,0.61237244,x51,Control,3
916,5,Low,-0.375,0.80039053,x51,Control,4
925,5,Low,-1.0,0.61237244,x51,Control,5
931,5,Low,-2.75,0.55901699,x51,Control,6
946,5,Low,-9.625,1.125,x51,Control,7
952,5,Low,-0.5,0.70710678,x51,Control,8
970,5,Low,-3.375,0.80039053,x51,Control,9
976,5,Low,-4.5,0.55901699,x51,Control,10
981,5,Low,-4.5,0.8291562,x51,Control,11
997,5,Low,-4.5,1.19895788,x51,Control,12
882,5,High,13.0,0.0,x51,Control,1
897,5,High,-0.25,2.63391344,x51,Control,2
905,5,High,-2.5,1.43614066,x51,Control,3
919,5,High,2.0,1.29903811,x51,Control,4
929,5,High,7.625,2.85317805,x51,Control,5
936,5,High,13.0,0.0,x51,Control,6
942,5,High,-6.75,0.93541435,x51,Control,7
959,5,High,2.125,1.52581945,x51,Control,8
963,5,High,-4.25,0.8291562,x51,Control,9
975,5,High,-2.25,1.82002747,x51,Control,10
982,5,High,1.875,0.80039053,x51,Control,11
994,5,High,-0.25,1.22474487,x51,Control,12
1010,5,Low,-2.0,0.8291562,x52,Control,1
1019,5,Low,-1.75,1.5,x52,Control,2
1027,5,Low,-2.125,0.9437293,x52,Control,3
1036,5,Low,-8.0,1.6583124,x52,Control,4
1048,5,Low,-3.0,0.70710678,x52,Control,5
1052,5,Low,-1.875,0.80039053,x52,Control,6
1061,5,Low,-5.125,1.28086885,x52,Control,7
1074,5,Low,-8.75,1.27475488,x52,Control,8
1088,5,Low,-10.5,0.55901699,x52,Control,9
1096,5,Low,-11.0,1.71391365,x52,Control,10
1105,5,Low,-8.875,1.66301684,x52,Control,11
1120,5,Low,-12.125,1.00778222,x52,Control,12
1001,5,High,4.75,0.55901699,x52,Control,1
1020,5,High,6.125,0.83852549,x52,Control,2
1025,5,High,3.25,2.58602011,x52,Control,3
1039,5,High,5.75,0.8660254,x52,Control,4
1041,5,High,-3.125,4.52941773,x52,Control,5
1058,5,High,1.125,2.57694102,x52,Control,6
1064,5,High,13.0,0.0,x52,Control,7
1073,5,High,-8.5,0.96824584,x52,Control,8
1086,5,High,2.5,0.8291562,x52,Control,9
1094,5,High,8.125,1.00778222,x52,Control,10
1110,5,High,1.625,1.97246673,x52,Control,11
1113,5,High,-0.625,0.71807033,x52,Control,12
1130,5,Low,5.125,0.80039053,x53,Control,1
1131,5,Low,-4.0,1.43614066,x53,Control,2
1147,5,Low,13.0,0.0,x53,Control,3
1151,5,Low,-2.625,2.30827316,x53,Control,4
1168,5,Low,-2.375,0.80039053,x53,Control,5
1179,5,Low,-3.75,2.10653744,x53,Control,6
1185,5,Low,-9.25,2.52487623,x53,Control,7
1196,5,Low,-6.5,1.87082869,x53,Control,8
1210,5,Low,-7.125,0.5153882,x53,Control,9
1215,5,Low,-7.0,3.15238005,x53,Control,10
1230,5,Low,-3.375,1.25623445,x53,Control,11
1232,5,Low,-1.5,2.23606798,x53,Control,12
1121,5,High,8.625,0.80039053,x53,Control,1
1132,5,High,4.0,1.6583124,x53,Control,2
1142,5,High,13.0,0.0,x53,Control,3
1159,5,High,1.125,1.17924764,x53,Control,4
1167,5,High,13.0,0.0,x53,Control,5
1176,5,High,0.5,1.98431348,x53,Control,6
1186,5,High,-1.25,0.55901699,x53,Control,7
1194,5,High,13.0,0.0,x53,Control,8
1201,5,High,9.54166667,0.48769583,x53,Control,9
1214,5,High,8.29166667,1.04499468,x53,Control,10
1223,5,High,3.0,2.06155281,x53,Control,11
1235,5,High,8.0,0.75,x53,Control,12
1249,5,Low,1.75,2.01556444,x54,Control,1
1253,5,Low,-2.375,1.00778222,x54,Control,2
1265,5,Low,7.54166667,1.33398422,x54,Control,3
1274,5,Low,1.75,1.73205081,x54,Control,4
1281,5,Low,-9.75,1.82002747,x54,Control,5
1291,5,Low,-10.875,2.00390244,x54,Control,6
1305,5,Low,-8.875,0.71807033,x54,Control,7
1315,5,Low,-9.0,1.27475488,x54,Control,8
1329,5,Low,-14.0,1.5411035,x54,Control,9
1339,5,Low,-14.875,0.9437293,x54,Control,10
1349,5,Low,-17.375,1.00778222,x54,Control,11
1357,5,Low,-12.375,0.80039053,x54,Control,12
1242,5,High,-0.625,0.71807033,x54,Control,1
1257,5,High,8.125,1.32876823,x54,Control,2
1261,5,High,1.625,2.28103595,x54,Control,3
1280,5,High,7.5,0.55901699,x54,Control,4
1284,5,High,-4.125,1.80710404,x54,Control,5
1293,5,High,1.375,3.71020552,x54,Control,6
1302,5,High,5.625,1.32876823,x54,Control,7
1314,5,High,-1.75,2.56173769,x54,Control,8
1324,5,High,9.375,0.80039053,x54,Control,9
1332,5,High,13.0,0.0,x54,Control,10
1342,5,High,6.375,3.00260304,x54,Control,11
1351,5,High,7.25,0.75,x54,Control,12
45,9,Low,13.0,0.0,x32,Control,1
57,9,Low,-8.125,0.9437293,x32,Control,2
62,9,Low,-8.25,2.10653744,x32,Control,3
77,9,Low,-5.75,1.19895788,x32,Control,4
81,9,Low,-6.75,1.6583124,x32,Control,5
92,9,Low,-6.875,1.90804219,x32,Control,6
108,9,Low,-4.125,0.5153882,x32,Control,7
112,9,Low,-7.375,0.9437293,x32,Control,8
123,9,Low,-5.375,0.80039053,x32,Control,9
135,9,Low,-7.625,0.6731456,x32,Control,10
147,9,Low,-7.125,1.17924764,x32,Control,11
156,9,Low,-5.125,0.71807033,x32,Control,12
43,9,High,1.625,2.89665756,x32,Control,1
55,9,High,13.0,0.0,x32,Control,2
70,9,High,13.0,0.0,x32,Control,3
74,9,High,13.0,0.0,x32,Control,4
82,9,High,8.625,1.32876823,x32,Control,5
91,9,High,13.0,0.0,x32,Control,6
105,9,High,13.0,0.0,x32,Control,7
119,9,High,13.0,0.0,x32,Control,8
126,9,High,13.0,0.0,x32,Control,9
138,9,High,13.0,0.0,x32,Control,10
145,9,High,-1.375,1.82431494,x32,Control,11
151,9,High,13.0,0.0,x32,Control,12
169,9,Low,-3.375,0.5153882,x34,Control,1
172,9,Low,-7.25,0.55901699,x34,Control,2
187,9,Low,-7.25,0.93541435,x34,Control,3
193,9,Low,-7.125,1.17924764,x34,Control,4
209,9,Low,-6.625,2.23955911,x34,Control,5
211,9,Low,-6.5,0.8291562,x34,Control,6
228,9,Low,-4.125,2.85317805,x34,Control,7
237,9,Low,-9.625,0.71807033,x34,Control,8
250,9,Low,-6.5,0.70710678,x34,Control,9
257,9,Low,-7.375,0.9437293,x34,Control,10
267,9,Low,-7.0,1.78535711,x34,Control,11
278,9,Low,-11.0,0.70710678,x34,Control,12
164,9,High,13.0,0.0,x34,Control,1
171,9,High,13.0,0.0,x34,Control,2
186,9,High,13.0,0.0,x34,Control,3
197,9,High,5.5,1.87082869,x34,Control,4
201,9,High,13.0,0.0,x34,Control,5
220,9,High,6.875,1.28086885,x34,Control,6
225,9,High,13.0,0.0,x34,Control,7
234,9,High,13.0,0.0,x34,Control,8
248,9,High,4.875,2.13965535,x34,Control,9
259,9,High,1.125,2.09538183,x34,Control,10
266,9,High,13.0,0.0,x34,Control,11
271,9,High,13.0,0.0,x34,Control,12
290,9,Low,-7.5,1.27475488,x40,Control,1
300,9,Low,-1.0,2.07665597,x40,Control,2
306,9,Low,-3.375,0.80039053,x40,Control,3
316,9,Low,-0.625,0.375,x40,Control,4
330,9,Low,-4.5,0.8291562,x40,Control,5
337,9,Low,-6.625,1.03832798,x40,Control,6
346,9,Low,-9.25,1.93649167,x40,Control,7
354,9,Low,-13.0,0.96824584,x40,Control,8
365,9,Low,-8.25,0.8291562,x40,Control,9
378,9,Low,-11.25,1.60078106,x40,Control,10
390,9,Low,-8.375,0.80039053,x40,Control,11
400,9,Low,-10.375,1.97246673,x40,Control,12
282,9,High,7.95833333,0.97271813,x40,Control,1
291,9,High,13.0,0.0,x40,Control,2
301,9,High,7.08333333,1.50462251,x40,Control,3
318,9,High,9.5,0.55901699,x40,Control,4
329,9,High,13.0,0.0,x40,Control,5
338,9,High,13.0,0.0,x40,Control,6
348,9,High,5.125,1.17924764,x40,Control,7
360,9,High,7.25,1.22474487,x40,Control,8
367,9,High,9.29166667,0.56672794,x40,Control,9
379,9,High,-0.375,1.17924764,x40,Control,10
386,9,High,13.0,0.0,x40,Control,11
391,9,High,13.0,0.0,x40,Control,12
408,9,Low,-1.625,1.25623445,x45,Control,1
413,9,Low,-4.125,1.80710404,x45,Control,2
429,9,Low,-3.0,0.55901699,x45,Control,3
435,9,Low,-4.625,1.09687055,x45,Control,4
450,9,Low,-8.75,2.10653744,x45,Control,5
451,9,Low,-7.75,0.96824584,x45,Control,6
461,9,Low,-10.75,0.61237244,x45,Control,7
475,9,Low,-10.0,1.06066017,x45,Control,8
485,9,Low,-11.875,1.66301684,x45,Control,9
493,9,Low,-6.875,1.00778222,x45,Control,10
509,9,Low,-6.125,1.00778222,x45,Control,11
517,9,Low,-8.125,1.28086885,x45,Control,12
405,9,High,13.0,0.0,x45,Control,1
415,9,High,-6.0,1.6583124,x45,Control,2
430,9,High,9.04166667,1.50980591,x45,Control,3
432,9,High,8.125,2.00390244,x45,Control,4
445,9,High,13.0,0.0,x45,Control,5
457,9,High,1.875,2.85317805,x45,Control,6
470,9,High,13.0,0.0,x45,Control,7
474,9,High,13.0,0.0,x45,Control,8
481,9,High,13.0,0.0,x45,Control,9
492,9,High,13.0,0.0,x45,Control,10
504,9,High,13.0,0.0,x45,Control,11
519,9,High,4.45833333,5.81201462,x45,Control,12
530,9,Low,-7.5,1.5411035,x46,Control,1
536,9,Low,-4.25,1.76776695,x46,Control,2
547,9,Low,-4.125,0.5153882,x46,Control,3
552,9,Low,-5.75,0.93541435,x46,Control,4
566,9,Low,-3.625,0.71807033,x46,Control,5
572,9,Low,0.75,0.70710678,x46,Control,6
589,9,Low,-6.5,1.27475488,x46,Control,7
595,9,Low,-6.75,0.70710678,x46,Control,8
609,9,Low,-7.25,1.3462912,x46,Control,9
615,9,Low,-5.0,1.82002747,x46,Control,10
622,9,Low,-6.375,0.91001374,x46,Control,11
634,9,Low,-2.75,0.93541435,x46,Control,12
522,9,High,13.0,0.0,x46,Control,1
535,9,High,13.0,0.0,x46,Control,2
546,9,High,13.0,0.0,x46,Control,3
555,9,High,7.70833333,1.40991036,x46,Control,4
561,9,High,8.45833333,1.36486161,x46,Control,5
578,9,High,13.0,0.0,x46,Control,6
584,9,High,2.75,3.26917421,x46,Control,7
594,9,High,5.25,2.23606798,x46,Control,8
602,9,High,13.0,0.0,x46,Control,9
612,9,High,13.0,0.0,x46,Control,10
626,9,High,3.625,2.98171511,x46,Control,11
633,9,High,9.625,0.375,x46,Control,12
641,9,Low,3.375,1.58607219,x49,Control,1
657,9,Low,-3.125,0.5153882,x49,Control,2
665,9,Low,-5.125,0.9437293,x49,Control,3
677,9,Low,-2.875,1.03832798,x49,Control,4
688,9,Low,-5.0,0.55901699,x49,Control,5
699,9,Low,-3.5,0.55901699,x49,Control,6
710,9,Low,-7.625,1.09687055,x49,Control,7
713,9,Low,-7.25,1.76776695,x49,Control,8
730,9,Low,-6.75,1.6583124,x49,Control,9
731,9,Low,-3.375,0.6731456,x49,Control,10
748,9,Low,-8.5,0.75,x49,Control,11
758,9,Low,-8.875,1.03832798,x49,Control,12
650,9,High,13.0,0.0,x49,Control,1
659,9,High,1.0,6.6473679,x49,Control,2
663,9,High,13.0,0.0,x49,Control,3
676,9,High,13.0,0.0,x49,Control,4
686,9,High,13.0,0.0,x49,Control,5
697,9,High,13.0,0.0,x49,Control,6
702,9,High,0.125,3.8910956,x49,Control,7
711,9,High,-4.75,1.78535711,x49,Control,8
725,9,High,13.0,0.0,x49,Control,9
736,9,High,8.25,1.6583124,x49,Control,10
747,9,High,6.625,3.65932029,x49,Control,11
751,9,High,13.0,0.0,x49,Control,12
770,9,Low,-0.625,3.26199709,x50,Control,1
776,9,Low,5.125,0.80039053,x50,Control,2
786,9,Low,-0.125,1.58607219,x50,Control,3
794,9,Low,7.83333333,1.32811479,x50,Control,4
809,9,Low,3.875,1.875,x50,Control,5
814,9,Low,2.375,0.375,x50,Control,6
828,9,Low,2.0,3.06186218,x50,Control,7
837,9,Low,-4.875,0.80039053,x50,Control,8
849,9,Low,-4.75,2.33184476,x50,Control,9
860,9,Low,-2.25,1.96850197,x50,Control,10
863,9,Low,-4.75,2.25,x50,Control,11
880,9,Low,-8.75,0.93541435,x50,Control,12
766,9,High,13.0,0.0,x50,Control,1
772,9,High,13.0,0.0,x50,Control,2
790,9,High,13.0,0.0,x50,Control,3
799,9,High,13.0,0.0,x50,Control,4
807,9,High,13.0,0.0,x50,Control,5
817,9,High,13.0,0.0,x50,Control,6
826,9,High,9.625,0.375,x50,Control,7
836,9,High,7.75,0.8660254,x50,Control,8
848,9,High,13.0,0.0,x50,Control,9
857,9,High,3.5,1.5612495,x50,Control,10
869,9,High,3.875,5.24553381,x50,Control,11
876,9,High,-3.25,1.43614066,x50,Control,12
890,9,Low,3.125,0.71807033,x51,Control,1
891,9,Low,-2.25,2.35849528,x51,Control,2
906,9,Low,4.0,0.93541435,x51,Control,3
918,9,Low,3.5,0.61237244,x51,Control,4
922,9,Low,-6.5,3.082207,x51,Control,5
940,9,Low,-5.875,1.48429276,x51,Control,6
941,9,Low,-9.5,0.93541435,x51,Control,7
953,9,Low,0.5,0.96824584,x51,Control,8
961,9,Low,-4.625,0.6731456,x51,Control,9
973,9,Low,-5.75,2.58602011,x51,Control,10
986,9,Low,-1.125,0.80039053,x51,Control,11
996,9,Low,-4.625,1.17924764,x51,Control,12
886,9,High,8.625,1.32876823,x51,Control,1
896,9,High,13.0,0.0,x51,Control,2
910,9,High,9.25,0.61237244,x51,Control,3
917,9,High,13.0,0.0,x51,Control,4
928,9,High,13.0,0.0,x51,Control,5
934,9,High,7.5,0.93541435,x51,Control,6
949,9,High,8.08333333,1.33593496,x51,Control,7
955,9,High,0.5,1.06066017,x51,Control,8
962,9,High,5.75,0.96824584,x51,Control,9
979,9,High,8.25,1.11803399,x51,Control,10
990,9,High,13.0,0.0,x51,Control,11
999,9,High,4.125,3.9071249,x51,Control,12
1007,9,Low,-1.25,0.8291562,x52,Control,1
1017,9,Low,-8.625,1.70018381,x52,Control,2
1026,9,Low,-10.0,0.96824584,x52,Control,3
1038,9,Low,-10.75,0.96824584,x52,Control,4
1045,9,Low,-10.375,1.71846589,x52,Control,5
1060,9,Low,-9.125,0.80039053,x52,Control,6
1065,9,Low,-9.25,0.96824584,x52,Control,7
1076,9,Low,-13.875,0.80039053,x52,Control,8
1085,9,Low,-9.75,0.8291562,x52,Control,9
1098,9,Low,-11.0,0.55901699,x52,Control,10
1104,9,Low,-11.75,1.3462912,x52,Control,11
1115,9,Low,-8.75,0.93541435,x52,Control,12
1009,9,High,6.20833333,1.83380676,x52,Control,1
1013,9,High,6.95833333,1.79940191,x52,Control,2
1028,9,High,1.375,1.80710404,x52,Control,3
1034,9,High,2.375,2.89665756,x52,Control,4
1049,9,High,-0.75,0.55901699,x52,Control,5
1051,9,High,3.75,1.27475488,x52,Control,6
1066,9,High,13.0,0.0,x52,Control,7
1079,9,High,3.25,4.99374609,x52,Control,8
1083,9,High,13.0,0.0,x52,Control,9
1092,9,High,6.25,2.6925824,x52,Control,10
1103,9,High,-3.625,2.69548233,x52,Control,11
1117,9,High,2.0,1.22474487,x52,Control,12
1127,9,Low,13.0,0.0,x53,Control,1
1135,9,Low,-9.0,1.71391365,x53,Control,2
1149,9,Low,-8.75,2.39791576,x53,Control,3
1152,9,Low,-8.625,1.25623445,x53,Control,4
1169,9,Low,-8.5,1.78535711,x53,Control,5
1172,9,Low,-9.375,2.00390244,x53,Control,6
1188,9,Low,-4.375,2.15421099,x53,Control,7
1197,9,Low,-7.125,2.64870251,x53,Control,8
1207,9,Low,-7.5,0.93541435,x53,Control,9
1212,9,Low,-10.5,1.76776695,x53,Control,10
1222,9,Low,-11.75,1.6583124,x53,Control,11
1239,9,Low,-8.875,2.32177195,x53,Control,12
1124,9,High,13.0,0.0,x53,Control,1
1140,9,High,13.0,0.0,x53,Control,2
1141,9,High,13.0,0.0,x53,Control,3
1157,9,High,13.0,0.0,x53,Control,4
1162,9,High,13.0,0.0,x53,Control,5
1177,9,High,6.875,3.2040014,x53,Control,6
1190,9,High,13.0,0.0,x53,Control,7
1193,9,High,13.0,0.0,x53,Control,8
1206,9,High,13.0,0.0,x53,Control,9
1211,9,High,13.0,0.0,x53,Control,10
1221,9,High,13.0,0.0,x53,Control,11
1240,9,High,0.25,2.01556444,x53,Control,12
1243,9,Low,-4.625,4.92601512,x54,Control,1
1252,9,Low,-3.125,1.32876823,x54,Control,2
1270,9,Low,-2.75,2.15058132,x54,Control,3
1278,9,Low,6.5,1.22474487,x54,Control,4
1283,9,Low,-1.875,2.34853678,x54,Control,5
1300,9,Low,-3.75,2.10653744,x54,Control,6
1306,9,Low,-13.25,0.8291562,x54,Control,7
1317,9,Low,-15.5,2.31840462,x54,Control,8
1322,9,Low,-14.5,0.75,x54,Control,9
1331,9,Low,-11.625,1.32876823,x54,Control,10
1348,9,Low,-14.0,0.93541435,x54,Control,11
1353,9,Low,-16.875,1.80710404,x54,Control,12
1246,9,High,13.0,0.0,x54,Control,1
1258,9,High,-2.0,2.89395923,x54,Control,2
1262,9,High,6.625,0.80039053,x54,Control,3
1276,9,High,-2.0,3.34477204,x54,Control,4
1290,9,High,3.5,6.12882534,x54,Control,5
1296,9,High,13.0,0.0,x54,Control,6
1303,9,High,13.0,0.0,x54,Control,7
1316,9,High,7.25,1.3462912,x54,Control,8
1321,9,High,13.0,0.0,x54,Control,9
1338,9,High,13.0,0.0,x54,Control,10
1343,9,High,13.0,0.0,x54,Control,11
1359,9,High,-3.25,5.23211238,x54,Control,12
46,15,Low,-2.875,0.71807033,x32,Control,1
52,15,Low,-0.25,0.61237244,x32,Control,2
67,15,Low,-2.5,0.96824584,x32,Control,3
79,15,Low,1.0,0.70710678,x32,Control,4
86,15,Low,-3.25,1.43614066,x32,Control,5
95,15,Low,1.125,0.80039053,x32,Control,6
110,15,Low,-1.375,1.28086885,x32,Control,7
118,15,Low,0.125,1.28086885,x32,Control,8
125,15,Low,-2.375,2.42706098,x32,Control,9
132,15,Low,-3.875,1.17924764,x32,Control,10
144,15,Low,-1.0,0.75,x32,Control,11
159,15,Low,3.0,0.93541435,x32,Control,12
41,15,High,13.0,0.0,x32,Control,1
59,15,High,13.0,0.0,x32,Control,2
63,15,High,7.375,1.17924764,x32,Control,3
71,15,High,13.0,0.0,x32,Control,4
87,15,High,13.0,0.0,x32,Control,5
99,15,High,13.0,0.0,x32,Control,6
103,15,High,13.0,0.0,x32,Control,7
117,15,High,13.0,0.0,x32,Control,8
121,15,High,2.875,3.10493559,x32,Control,9
133,15,High,8.125,0.71807033,x32,Control,10
143,15,High,7.625,0.375,x32,Control,11
152,15,High,13.0,0.0,x32,Control,12
163,15,Low,2.75,0.55901699,x34,Control,1
176,15,Low,-7.0,0.8660254,x34,Control,2
182,15,Low,-4.875,1.32876823,x34,Control,3
194,15,Low,-2.5,1.06066017,x34,Control,4
204,15,Low,-3.0,2.01556444,x34,Control,5
218,15,Low,-2.875,0.9437293,x34,Control,6
230,15,Low,-2.125,1.28086885,x34,Control,7
231,15,Low,-3.75,1.47901995,x34,Control,8
246,15,Low,-4.875,1.95655948,x34,Control,9
256,15,Low,-5.25,1.47901995,x34,Control,10
262,15,Low,-1.125,1.00778222,x34,Control,11
275,15,Low,-3.375,0.5153882,x34,Control,12
166,15,High,13.0,0.0,x34,Control,1
177,15,High,13.0,0.0,x34,Control,2
189,15,High,9.0,1.03077641,x34,Control,3
198,15,High,13.0,0.0,x34,Control,4
205,15,High,3.70833333,3.59228533,x34,Control,5
215,15,High,9.25,0.8660254,x34,Control,6
226,15,High,9.375,0.5153882,x34,Control,7
236,15,High,13.0,0.0,x34,Control,8
243,15,High,4.5,2.1937411,x34,Control,9
260,15,High,6.83333333,2.26231199,x34,Control,10
270,15,High,8.5,1.14564392,x34,Control,11
279,15,High,13.0,0.0,x34,Control,12
283,15,Low,-2.375,0.83852549,x40,Control,1
292,15,Low,-3.75,0.8291562,x40,Control,2
309,15,Low,-7.125,1.80710404,x40,Control,3
320,15,Low,4.75,1.3462912,x40,Control,4
321,15,Low,-3.875,1.80710404,x40,Control,5
335,15,Low,-2.5,0.61237244,x40,Control,6
344,15,Low,-3.5,3.79143772,x40,Control,7
359,15,Low,-2.125,1.77218086,x40,Control,8
366,15,Low,-5.25,0.70710678,x40,Control,9
373,15,Low,-3.125,2.57694102,x40,Control,10
381,15,Low,-5.25,0.8291562,x40,Control,11
396,15,Low,-5.5,1.62018517,x40,Control,12
285,15,High,8.45833333,0.85898034,x40,Control,1
294,15,High,8.875,0.9437293,x40,Control,2
308,15,High,9.375,0.5153882,x40,Control,3
319,15,High,8.66666667,1.32811479,x40,Control,4
328,15,High,13.0,0.0,x40,Control,5
339,15,High,13.0,0.0,x40,Control,6
350,15,High,5.5,2.01556444,x40,Control,7
351,15,High,7.125,0.80039053,x40,Control,8
364,15,High,1.875,3.71020552,x40,Control,9
380,15,High,7.625,1.375,x40,Control,10
384,15,High,7.29166667,4.12163162,x40,Control,11
398,15,High,6.875,0.71807033,x40,Control,12
407,15,Low,1.0,0.55901699,x45,Control,1
418,15,Low,-2.75,0.55901699,x45,Control,2
424,15,Low,-4.25,0.55901699,x45,Control,3
440,15,Low,-1.875,2.26729464,x45,Control,4
444,15,Low,-3.0,0.55901699,x45,Control,5
453,15,Low,-0.625,1.875,x45,Control,6
464,15,Low,-3.125,1.32876823,x45,Control,7
471,15,Low,-4.875,0.80039053,x45,Control,8
483,15,Low,-4.375,0.71807033,x45,Control,9
494,15,Low,-5.375,1.75445861,x45,Control,10
503,15,Low,-4.75,2.56173769,x45,Control,11
512,15,Low,-4.875,0.80039053,x45,Control,12
410,15,High,13.0,0.0,x45,Control,1
412,15,High,5.0,2.20794022,x45,Control,2
427,15,High,5.95833333,1.97598428,x45,Control,3
438,15,High,2.625,2.00390244,x45,Control,4
442,15,High,3.95833333,4.15184865,x45,Control,5
458,15,High,13.0,0.0,x45,Control,6
468,15,High,2.5,2.01556444,x45,Control,7
478,15,High,3.70833333,3.94075042,x45,Control,8
487,15,High,13.0,0.0,x45,Control,9
491,15,High,5.875,1.58607219,x45,Control,10
506,15,High,13.0,0.0,x45,Control,11
511,15,High,13.0,0.0,x45,Control,12
525,15,Low,2.375,2.19729948,x46,Control,1
531,15,Low,0.75,0.93541435,x46,Control,2
550,15,Low,2.25,1.47901995,x46,Control,3
554,15,Low,-1.0,1.5612495,x46,Control,4
565,15,Low,-1.5,0.70710678,x46,Control,5
577,15,Low,-1.0,1.43614066,x46,Control,6
588,15,Low,-2.875,0.71807033,x46,Control,7
597,15,Low,-1.875,1.00778222,x46,Control,8
603,15,Low,-2.875,0.375,x46,Control,9
614,15,Low,-0.75,1.27475488,x46,Control,10
628,15,Low,-5.5,1.78535711,x46,Control,11
635,15,Low,-2.25,1.76776695,x46,Control,12
528,15,High,13.0,0.0,x46,Control,1
538,15,High,9.5,0.55901699,x46,Control,2
543,15,High,13.0,0.0,x46,Control,3
558,15,High,13.0,0.0,x46,Control,4
568,15,High,13.0,0.0,x46,Control,5
573,15,High,13.0,0.0,x46,Control,6
581,15,High,13.0,0.0,x46,Control,7
599,15,High,8.75,0.70710678,x46,Control,8
601,15,High,7.125,0.80039053,x46,Control,9
620,15,High,8.66666667,2.33482095,x46,Control,10
624,15,High,7.25,1.67705098,x46,Control,11
632,15,High,9.0,0.8291562,x46,Control,12
646,15,Low,-0.75,1.11803399,x49,Control,1
658,15,Low,-1.25,2.23606798,x49,Control,2
667,15,Low,-2.625,1.00778222,x49,Control,3
680,15,Low,-3.375,4.40347874,x49,Control,4
690,15,Low,0.0,0.93541435,x49,Control,5
700,15,Low,-2.125,1.66301684,x49,Control,6
707,15,Low,-4.625,1.52581945,x49,Control,7
720,15,Low,-4.0,0.61237244,x49,Control,8
726,15,Low,-7.625,2.18303115,x49,Control,9
733,15,Low,-5.625,3.39346799,x49,Control,10
750,15,Low,-2.375,0.5153882,x49,Control,11
755,15,Low,-5.875,0.375,x49,Control,12
642,15,High,13.0,0.0,x49,Control,1
651,15,High,13.0,0.0,x49,Control,2
670,15,High,13.0,0.0,x49,Control,3
674,15,High,13.0,0.0,x49,Control,4
687,15,High,13.0,0.0,x49,Control,5
694,15,High,13.0,0.0,x49,Control,6
703,15,High,13.0,0.0,x49,Control,7
716,15,High,13.0,0.0,x49,Control,8
727,15,High,0.75,4.53458929,x49,Control,9
734,15,High,6.625,3.65932029,x49,Control,10
743,15,High,13.0,0.0,x49,Control,11
759,15,High,13.0,0.0,x49,Control,12
768,15,Low,6.25,1.11803399,x50,Control,1
777,15,Low,1.875,1.80710404,x50,Control,2
784,15,Low,8.625,1.52581945,x50,Control,3
792,15,Low,4.875,2.34853678,x50,Control,4
810,15,Low,2.75,1.62018517,x50,Control,5
820,15,Low,-0.625,1.875,x50,Control,6
825,15,Low,2.5,0.93541435,x50,Control,7
833,15,Low,1.5,0.8291562,x50,Control,8
841,15,Low,8.29166667,2.0686986,x50,Control,9
855,15,Low,1.125,3.0129927,x50,Control,10
868,15,Low,3.0,1.11803399,x50,Control,11
875,15,Low,0.5,0.61237244,x50,Control,12
761,15,High,-2.5,1.93649167,x50,Control,1
775,15,High,5.375,2.69548233,x50,Control,2
781,15,High,-2.875,3.08474067,x50,Control,3
797,15,High,13.0,0.0,x50,Control,4
808,15,High,13.0,0.0,x50,Control,5
812,15,High,13.0,0.0,x50,Control,6
822,15,High,13.0,0.0,x50,Control,7
840,15,High,13.0,0.0,x50,Control,8
845,15,High,0.625,2.42706098,x50,Control,9
854,15,High,13.0,0.0,x50,Control,10
870,15,High,13.0,0.0,x50,Control,11
872,15,High,13.0,0.0,x50,Control,12
887,15,Low,5.0,0.61237244,x51,Control,1
899,15,Low,5.875,1.46308749,x51,Control,2
904,15,Low,3.0,0.93541435,x51,Control,3
914,15,Low,4.0,0.75,x51,Control,4
924,15,Low,5.375,0.9437293,x51,Control,5
939,15,Low,3.375,1.58607219,x51,Control,6
948,15,Low,3.375,0.80039053,x51,Control,7
960,15,Low,-3.875,2.7866871,x51,Control,8
966,15,Low,-0.25,0.96824584,x51,Control,9
972,15,Low,-2.875,1.28086885,x51,Control,10
987,15,Low,-0.375,0.80039053,x51,Control,11
1000,15,Low,-2.0,1.96850197,x51,Control,12
884,15,High,13.0,0.0,x51,Control,1
895,15,High,0.70833333,4.27545482,x51,Control,2
908,15,High,13.0,0.0,x51,Control,3
913,15,High,6.625,1.32876823,x51,Control,4
927,15,High,-0.375,2.85317805,x51,Control,5
933,15,High,13.0,0.0,x51,Control,6
945,15,High,8.41666667,1.57233019,x51,Control,7
951,15,High,1.875,1.58607219,x51,Control,8
969,15,High,9.08333333,0.65616732,x51,Control,9
977,15,High,5.25,1.3462912,x51,Control,10
984,15,High,13.0,0.0,x51,Control,11
991,15,High,13.0,0.0,x51,Control,12
1005,15,Low,3.5,3.03108891,x52,Control,1
1014,15,Low,-2.5,2.44948974,x52,Control,2
1024,15,Low,-5.0,0.55901699,x52,Control,3
1032,15,Low,0.0,1.41421356,x52,Control,4
1050,15,Low,-5.5,0.61237244,x52,Control,5
1057,15,Low,-4.25,0.55901699,x52,Control,6
1062,15,Low,-4.75,1.06066017,x52,Control,7
1080,15,Low,-2.75,1.03077641,x52,Control,8
1084,15,Low,-5.0,1.03077641,x52,Control,9
1091,15,Low,-5.5,2.20794022,x52,Control,10
1107,15,Low,-3.0,0.93541435,x52,Control,11
1112,15,Low,-6.125,1.70018381,x52,Control,12
1004,15,High,13.0,0.0,x52,Control,1
1015,15,High,5.875,0.80039053,x52,Control,2
1030,15,High,13.0,0.0,x52,Control,3
1033,15,High,13.0,0.0,x52,Control,4
1043,15,High,13.0,0.0,x52,Control,5
1055,15,High,13.0,0.0,x52,Control,6
1068,15,High,13.0,0.0,x52,Control,7
1072,15,High,8.0,0.8291562,x52,Control,8
1081,15,High,9.625,0.375,x52,Control,9
1093,15,High,-4.25,0.93541435,x52,Control,10
1108,15,High,1.75,1.92028644,x52,Control,11
1116,15,High,13.0,0.0,x52,Control,12
1126,15,Low,2.125,3.50223143,x53,Control,1
1138,15,Low,1.125,1.58607219,x53,Control,2
1150,15,Low,5.375,1.66301684,x53,Control,3
1156,15,Low,-4.0,2.20794022,x53,Control,4
1163,15,Low,2.25,2.47487373,x53,Control,5
1174,15,Low,2.625,3.85883726,x53,Control,6
1184,15,Low,1.5,2.06155281,x53,Control,7
1192,15,Low,-1.875,0.80039053,x53,Control,8
1209,15,Low,-4.625,1.03832798,x53,Control,9
1213,15,Low,-0.625,2.23955911,x53,Control,10
1225,15,Low,0.0,1.96850197,x53,Control,11
1233,15,Low,-0.625,1.48429276,x53,Control,12
1125,15,High,1.95833333,5.48371959,x53,Control,1
1137,15,High,13.0,0.0,x53,Control,2
1145,15,High,13.0,0.0,x53,Control,3
1160,15,High,13.0,0.0,x53,Control,4
1165,15,High,13.0,0.0,x53,Control,5
1173,15,High,13.0,0.0,x53,Control,6
1189,15,High,13.0,0.0,x53,Control,7
1198,15,High,13.0,0.0,x53,Control,8
1205,15,High,13.0,0.0,x53,Control,9
1219,15,High,2.45833333,3.60386559,x53,Control,10
1224,15,High,13.0,0.0,x53,Control,11
1234,15,High,13.0,0.0,x53,Control,12
1244,15,Low,-5.25,1.03077641,x54,Control,1
1255,15,Low,-5.375,3.76040224,x54,Control,2
1266,15,Low,-2.625,1.58607219,x54,Control,3
1275,15,Low,-3.375,6.08404676,x54,Control,4
1288,15,Low,-5.625,1.32876823,x54,Control,5
1298,15,Low,-4.75,1.62018517,x54,Control,6
1310,15,Low,-7.125,1.17924764,x54,Control,7
1313,15,Low,-11.875,2.06533896,x54,Control,8
1328,15,Low,-10.5,0.8291562,x54,Control,9
1335,15,Low,-10.375,0.71807033,x54,Control,10
1347,15,Low,-10.875,1.6441183,x54,Control,11
1356,15,Low,-12.75,1.41421356,x54,Control,12
1250,15,High,4.625,3.31897951,x54,Control,1
1251,15,High,-6.0,1.03077641,x54,Control,2
1264,15,High,13.0,0.0,x54,Control,3
1277,15,High,9.04166667,1.50980591,x54,Control,4
1286,15,High,13.0,0.0,x54,Control,5
1294,15,High,13.0,0.0,x54,Control,6
1307,15,High,13.0,0.0,x54,Control,7
1312,15,High,6.20833333,2.02801559,x54,Control,8
1323,15,High,7.0,1.03077641,x54,Control,9
1340,15,High,13.0,0.0,x54,Control,10
1344,15,High,5.20833333,4.23137258,x54,Control,11
1355,15,High,13.0,0.0,x54,Control,12
1407,3,Low,7.45833333,2.42992055,x32,Task,1
1411,3,Low,-3.375,1.00778222,x32,Task,2
1418,3,Low,-2.875,1.28086885,x32,Task,3
1427,3,Low,-0.5,0.55901699,x32,Task,4
1437,3,Low,-1.125,1.70018381,x32,Task,5
1447,3,Low,-0.625,1.28086885,x32,Task,6
1453,3,Low,-3.625,2.66047458,x32,Task,7
1460,3,Low,-1.375,1.60565407,x32,Task,8
1404,3,High,13.0,0.0,x32,Task,1
1409,3,High,13.0,0.0,x32,Task,2
1417,3,High,13.0,0.0,x32,Task,3
1425,3,High,13.0,0.0,x32,Task,4
1435,3,High,13.0,0.0,x32,Task,5
1441,3,High,13.0,0.0,x32,Task,6
1450,3,High,13.0,0.0,x32,Task,7
1463,3,High,13.0,0.0,x32,Task,8
1470,3,Low,-4.25,0.8291562,x34,Task,1
1480,3,Low,-7.25,0.55901699,x34,Task,2
1483,3,Low,-14.125,0.9437293,x34,Task,3
1496,3,Low,-9.875,1.70018381,x34,Task,4
1502,3,Low,-9.125,0.80039053,x34,Task,5
1512,3,Low,-10.125,1.00778222,x34,Task,6
1514,3,Low,-10.25,0.70710678,x34,Task,7
1524,3,Low,-10.625,1.80710404,x34,Task,8
1530,3,Low,-9.625,0.375,x34,Task,9
1538,3,Low,-15.625,0.9437293,x34,Task,10
1553,3,Low,-8.125,1.125,x34,Task,11
1561,3,Low,-14.0,0.55901699,x34,Task,12
1466,3,High,5.25,2.51246891,x34,Task,1
1478,3,High,13.0,0.0,x34,Task,2
1487,3,High,13.0,0.0,x34,Task,3
1495,3,High,6.25,0.55901699,x34,Task,4
1505,3,High,2.875,2.05015243,x34,Task,5
1506,3,High,8.79166667,2.05860322,x34,Task,6
1520,3,High,13.0,0.0,x34,Task,7
1529,3,High,13.0,0.0,x34,Task,8
1532,3,High,13.0,0.0,x34,Task,9
1543,3,High,13.0,0.0,x34,Task,10
1547,3,High,13.0,0.0,x34,Task,11
1556,3,High,13.0,0.0,x34,Task,12
1562,3,Low,7.25,3.14245127,x40,Task,1
1571,3,Low,13.0,0.0,x40,Task,2
1579,3,Low,7.125,0.5153882,x40,Task,3
1591,3,Low,6.75,1.41421356,x40,Task,4
1599,3,Low,1.0,0.8291562,x40,Task,5
1609,3,Low,13.0,0.0,x40,Task,6
1614,3,Low,3.625,1.125,x40,Task,7
1619,3,Low,13.0,0.0,x40,Task,8
1627,3,Low,-1.75,1.14564392,x40,Task,9
1635,3,Low,2.375,1.875,x40,Task,10
1642,3,Low,-0.125,4.04853369,x40,Task,11
1655,3,Low,0.125,0.9437293,x40,Task,12
1566,3,High,13.0,0.0,x40,Task,1
1574,3,High,9.29166667,0.97271813,x40,Task,2
1584,3,High,13.0,0.0,x40,Task,3
1589,3,High,13.0,0.0,x40,Task,4
1597,3,High,0.625,2.7866871,x40,Task,5
1602,3,High,1.375,1.85825859,x40,Task,6
1617,3,High,13.0,0.0,x40,Task,7
1621,3,High,8.375,1.125,x40,Task,8
1632,3,High,-0.125,1.46308749,x40,Task,9
1636,3,High,8.625,0.875,x40,Task,10
1644,3,High,13.0,0.0,x40,Task,11
1652,3,High,13.0,0.0,x40,Task,12
1658,3,Low,1.125,1.90804219,x45,Task,1
1672,3,Low,-1.5,1.71391365,x45,Task,2
1679,3,Low,-1.875,0.5153882,x45,Task,3
1682,3,Low,-5.375,1.95655948,x45,Task,4
1696,3,Low,-4.625,0.91001374,x45,Task,5
1705,3,Low,-3.0,1.03077641,x45,Task,6
1708,3,Low,-5.875,1.03832798,x45,Task,7
1720,3,Low,-4.875,0.5153882,x45,Task,8
1722,3,Low,-6.25,0.96824584,x45,Task,9
1733,3,Low,-2.625,0.80039053,x45,Task,10
1745,3,Low,-12.125,2.50312305,x45,Task,11
1748,3,Low,-17.625,1.17924764,x45,Task,12
1661,3,High,13.0,0.0,x45,Task,1
1667,3,High,13.0,0.0,x45,Task,2
1680,3,High,13.0,0.0,x45,Task,3
1685,3,High,13.0,0.0,x45,Task,4
1694,3,High,-1.875,3.88305614,x45,Task,5
1700,3,High,1.875,1.70018381,x45,Task,6
1713,3,High,6.875,1.28086885,x45,Task,7
1721,3,High,1.875,2.98171511,x45,Task,8
1729,3,High,13.0,0.0,x45,Task,9
1730,3,High,6.375,1.17924764,x45,Task,10
1744,3,High,6.58333333,1.61158997,x45,Task,11
1752,3,High,13.0,0.0,x45,Task,12
1760,3,Low,0.25,0.96824584,x46,Task,1
1769,3,Low,-3.125,1.00778222,x46,Task,2
1773,3,Low,-7.625,2.95010593,x46,Task,3
1781,3,Low,-12.0,0.8291562,x46,Task,4
1791,3,Low,-1.625,1.09687055,x46,Task,5
1800,3,Low,-10.75,1.43614066,x46,Task,6
1807,3,Low,-5.375,1.00778222,x46,Task,7
1813,3,Low,-9.875,0.80039053,x46,Task,8
1825,3,Low,-12.125,1.80710404,x46,Task,9
1826,3,Low,-5.625,0.5153882,x46,Task,10
1837,3,Low,-7.875,0.80039053,x46,Task,11
1845,3,Low,-9.0,0.93541435,x46,Task,12
1758,3,High,13.0,0.0,x46,Task,1
1763,3,High,2.75,4.3517238,x46,Task,2
1775,3,High,8.25,2.23606798,x46,Task,3
1780,3,High,5.125,2.09538183,x46,Task,4
1792,3,High,4.875,3.16474723,x46,Task,5
1801,3,High,3.08333333,4.51309822,x46,Task,6
1803,3,High,13.0,0.0,x46,Task,7
1817,3,High,13.0,0.0,x46,Task,8
1820,3,High,13.0,0.0,x46,Task,9
1830,3,High,13.0,0.0,x46,Task,10
1841,3,High,13.0,0.0,x46,Task,11
1848,3,High,6.0,3.28823661,x46,Task,12
1855,3,Low,6.875,1.70018381,x49,Task,1
1863,3,Low,-1.625,0.80039053,x49,Task,2
1870,3,Low,0.875,1.60565407,x49,Task,3
1877,3,Low,-5.875,0.71807033,x49,Task,4
1884,3,Low,-3.5,1.3462912,x49,Task,5
1890,3,Low,-5.875,0.375,x49,Task,6
1904,3,Low,-2.5,1.5612495,x49,Task,7
1911,3,Low,-2.5,1.06066017,x49,Task,8
1917,3,Low,-3.0,1.11803399,x49,Task,9
1923,3,Low,-2.125,0.9437293,x49,Task,10
1933,3,Low,-5.875,0.375,x49,Task,11
1940,3,Low,-10.125,0.80039053,x49,Task,12
1850,3,High,13.0,0.0,x49,Task,1
1862,3,High,13.0,0.0,x49,Task,2
1867,3,High,13.0,0.0,x49,Task,3
1881,3,High,13.0,0.0,x49,Task,4
1888,3,High,0.625,7.66587405,x49,Task,5
1894,3,High,1.75,3.61420807,x49,Task,6
1898,3,High,13.0,0.0,x49,Task,7
1913,3,High,13.0,0.0,x49,Task,8
1915,3,High,13.0,0.0,x49,Task,9
1925,3,High,13.0,0.0,x49,Task,10
1937,3,High,13.0,0.0,x49,Task,11
1939,3,High,13.0,0.0,x49,Task,12
1952,3,Low,8.58333333,1.41911553,x50,Task,1
1956,3,Low,4.875,1.46308749,x50,Task,2
1968,3,Low,7.375,1.90804219,x50,Task,3
1970,3,Low,-0.375,2.98171511,x50,Task,4
1985,3,Low,6.125,1.41972709,x50,Task,5
1989,3,Low,5.125,1.70018381,x50,Task,6
1999,3,Low,6.25,1.36930639,x50,Task,7
2003,3,Low,3.75,1.19895788,x50,Task,8
2013,3,Low,0.0,0.93541435,x50,Task,9
2024,3,Low,1.75,2.47487373,x50,Task,10
2028,3,Low,-1.125,1.25623445,x50,Task,11
2034,3,Low,-3.5,1.5411035,x50,Task,12
1948,3,High,13.0,0.0,x50,Task,1
1961,3,High,13.0,0.0,x50,Task,2
1962,3,High,13.0,0.0,x50,Task,3
1971,3,High,13.0,0.0,x50,Task,4
1982,3,High,13.0,0.0,x50,Task,5
1990,3,High,13.0,0.0,x50,Task,6
1995,3,High,3.625,6.23623484,x50,Task,7
2004,3,High,13.0,0.0,x50,Task,8
2012,3,High,13.0,0.0,x50,Task,9
2018,3,High,13.0,0.0,x50,Task,10
2033,3,High,13.0,0.0,x50,Task,11
2039,3,High,13.0,0.0,x50,Task,12
2049,3,Low,8.875,0.9437293,x51,Task,1
2054,3,Low,7.375,2.42706098,x51,Task,2
2062,3,Low,6.0,1.60078106,x51,Task,3
2072,3,Low,3.125,0.375,x51,Task,4
2075,3,Low,-0.75,0.93541435,x51,Task,5
2089,3,Low,3.5,1.06066017,x51,Task,6
2095,3,Low,7.875,2.05015243,x51,Task,7
2101,3,Low,2.125,0.80039053,x51,Task,8
2113,3,Low,0.875,1.28086885,x51,Task,9
2118,3,Low,1.125,0.5153882,x51,Task,10
2129,3,Low,2.875,0.80039053,x51,Task,11
2132,3,Low,5.125,1.70018381,x51,Task,12
2044,3,High,3.125,2.89665756,x51,Task,1
2057,3,High,13.0,0.0,x51,Task,2
2059,3,High,13.0,0.0,x51,Task,3
2073,3,High,2.125,1.32876823,x51,Task,4
2081,3,High,0.375,5.99087848,x51,Task,5
2084,3,High,13.0,0.0,x51,Task,6
2093,3,High,13.0,0.0,x51,Task,7
2098,3,High,9.625,0.375,x51,Task,8
2111,3,High,13.0,0.0,x51,Task,9
2115,3,High,8.79166667,2.05860322,x51,Task,10
2123,3,High,2.95833333,5.22297941,x51,Task,11
2136,3,High,13.0,0.0,x51,Task,12
2140,3,Low,1.625,1.66301684,x52,Task,1
2149,3,Low,0.375,1.17924764,x52,Task,2
2159,3,Low,1.875,0.80039053,x52,Task,3
2169,3,Low,-0.125,3.22344924,x52,Task,4
2171,3,Low,-2.5,3.40954542,x52,Task,5
2181,3,Low,-3.375,1.00778222,x52,Task,6
2189,3,Low,-2.125,1.03832798,x52,Task,7
2199,3,Low,1.625,1.28086885,x52,Task,8
2202,3,Low,-2.875,1.48429276,x52,Task,9
2210,3,Low,-5.0,0.93541435,x52,Task,10
2219,3,Low,-0.375,1.58607219,x52,Task,11
2233,3,Low,-4.5,1.47901995,x52,Task,12
2142,3,High,13.0,0.0,x52,Task,1
2153,3,High,13.0,0.0,x52,Task,2
2161,3,High,13.0,0.0,x52,Task,3
2165,3,High,13.0,0.0,x52,Task,4
2173,3,High,13.0,0.0,x52,Task,5
2178,3,High,13.0,0.0,x52,Task,6
2187,3,High,13.0,0.0,x52,Task,7
2200,3,High,13.0,0.0,x52,Task,8
2204,3,High,13.0,0.0,x52,Task,9
2217,3,High,13.0,0.0,x52,Task,10
2225,3,High,13.0,0.0,x52,Task,11
2226,3,High,7.875,1.46308749,x52,Task,12
2240,3,Low,6.5,2.66926956,x53,Task,1
2245,3,Low,8.375,1.00778222,x53,Task,2
2256,3,Low,0.0,1.27475488,x53,Task,3
2262,3,Low,2.875,2.34853678,x53,Task,4
2267,3,Low,1.625,1.60565407,x53,Task,5
2276,3,Low,1.33333333,6.07019128,x53,Task,6
2283,3,Low,8.625,1.32876823,x53,Task,7
2297,3,Low,-3.375,1.46308749,x53,Task,8
2303,3,Low,5.0,0.61237244,x53,Task,9
2311,3,Low,3.25,0.93541435,x53,Task,10
2318,3,Low,13.0,0.0,x53,Task,11
2322,3,Low,-0.125,1.32876823,x53,Task,12
2236,3,High,13.0,0.0,x53,Task,1
2246,3,High,13.0,0.0,x53,Task,2
2254,3,High,2.0,6.70820393,x53,Task,3
2263,3,High,13.0,0.0,x53,Task,4
2268,3,High,13.0,0.0,x53,Task,5
2279,3,High,-3.875,3.55536566,x53,Task,6
2288,3,High,13.0,0.0,x53,Task,7
2292,3,High,13.0,0.0,x53,Task,8
2304,3,High,1.375,2.50312305,x53,Task,9
2306,3,High,13.0,0.0,x53,Task,10
2321,3,High,13.0,0.0,x53,Task,11
2327,3,High,13.0,0.0,x53,Task,12
2335,3,Low,-2.875,0.375,x54,Task,1
2344,3,Low,-2.375,1.39754249,x54,Task,2
2350,3,Low,-1.625,4.36069089,x54,Task,3
2360,3,Low,-0.25,1.93649167,x54,Task,4
2367,3,Low,-4.75,1.88745861,x54,Task,5
2377,3,Low,-4.25,3.28823661,x54,Task,6
2385,3,Low,-8.5,1.22474487,x54,Task,7
2391,3,Low,-8.125,2.15421099,x54,Task,8
2394,3,Low,-9.625,1.66301684,x54,Task,9
2405,3,Low,-12.375,1.00778222,x54,Task,10
2412,3,Low,-10.125,2.54030018,x54,Task,11
2422,3,Low,-5.375,2.50312305,x54,Task,12
2337,3,High,13.0,0.0,x54,Task,1
2342,3,High,13.0,0.0,x54,Task,2
2346,3,High,13.0,0.0,x54,Task,3
2359,3,High,13.0,0.0,x54,Task,4
2365,3,High,-2.625,4.27383025,x54,Task,5
2371,3,High,13.0,0.0,x54,Task,6
2382,3,High,13.0,0.0,x54,Task,7
2387,3,High,13.0,0.0,x54,Task,8
2396,3,High,13.0,0.0,x54,Task,9
2406,3,High,13.0,0.0,x54,Task,10
2415,3,High,13.0,0.0,x54,Task,11
2418,3,High,13.0,0.0,x54,Task,12
1401,5,Low,-5.5,0.96824584,x32,Task,1
1412,5,Low,-0.375,0.80039053,x32,Task,2
1420,5,Low,-4.125,1.09687055,x32,Task,3
1432,5,Low,-5.0,0.93541435,x32,Task,4
1434,5,Low,-6.875,2.18303115,x32,Task,5
1448,5,Low,-6.125,1.46308749,x32,Task,6
1454,5,Low,-1.125,0.80039053,x32,Task,7
1459,5,Low,3.125,0.375,x32,Task,8
1465,5,Low,-2.75,0.55901699,x32,Task,9
1402,5,High,13.0,0.0,x32,Task,1
1410,5,High,13.0,0.0,x32,Task,2
1423,5,High,13.0,0.0,x32,Task,3
1428,5,High,13.0,0.0,x32,Task,4
1438,5,High,13.0,0.0,x32,Task,5
1442,5,High,13.0,0.0,x32,Task,6
1451,5,High,13.0,0.0,x32,Task,7
1461,5,High,8.625,1.17924764,x32,Task,8
1473,5,Low,-8.25,1.3462912,x34,Task,1
1475,5,Low,-7.0,1.93649167,x34,Task,2
1489,5,Low,-8.75,1.03077641,x34,Task,3
1491,5,Low,-7.25,0.93541435,x34,Task,4
1498,5,Low,-10.5,0.70710678,x34,Task,5
1510,5,Low,-5.625,1.58607219,x34,Task,6
1516,5,Low,-11.0,0.70710678,x34,Task,7
1522,5,Low,-10.75,0.8660254,x34,Task,8
1536,5,Low,-9.875,0.80039053,x34,Task,9
1539,5,Low,-7.375,1.28086885,x34,Task,10
1550,5,Low,-11.125,1.28086885,x34,Task,11
1558,5,Low,-8.25,1.27475488,x34,Task,12
1467,5,High,13.0,0.0,x34,Task,1
1474,5,High,13.0,0.0,x34,Task,2
1488,5,High,13.0,0.0,x34,Task,3
1492,5,High,13.0,0.0,x34,Task,4
1503,5,High,13.0,0.0,x34,Task,5
1509,5,High,13.0,0.0,x34,Task,6
1519,5,High,13.0,0.0,x34,Task,7
1523,5,High,13.0,0.0,x34,Task,8
1535,5,High,13.0,0.0,x34,Task,9
1540,5,High,13.0,0.0,x34,Task,10
1552,5,High,4.08333333,2.69516027,x34,Task,11
1560,5,High,13.0,0.0,x34,Task,12
1567,5,Low,3.125,1.28086885,x40,Task,1
1576,5,Low,3.0,1.03077641,x40,Task,2
1581,5,Low,2.0,1.22474487,x40,Task,3
1593,5,Low,8.0,0.61237244,x40,Task,4
1596,5,Low,3.25,0.96824584,x40,Task,5
1604,5,Low,-0.625,1.32876823,x40,Task,6
1615,5,Low,0.625,2.09538183,x40,Task,7
1622,5,Low,-0.875,1.00778222,x40,Task,8
1631,5,Low,-2.375,2.09538183,x40,Task,9
1638,5,Low,-4.75,1.29903811,x40,Task,10
1646,5,Low,-6.875,0.6731456,x40,Task,11
1650,5,Low,-3.125,1.00778222,x40,Task,12
1568,5,High,13.0,0.0,x40,Task,1
1577,5,High,3.25,3.91311896,x40,Task,2
1585,5,High,13.0,0.0,x40,Task,3
1590,5,High,13.0,0.0,x40,Task,4
1594,5,High,13.0,0.0,x40,Task,5
1606,5,High,13.0,0.0,x40,Task,6
1616,5,High,4.45833333,6.15666419,x40,Task,7
1623,5,High,13.0,0.0,x40,Task,8
1630,5,High,13.0,0.0,x40,Task,9
1634,5,High,0.75,2.76134025,x40,Task,10
1647,5,High,13.0,0.0,x40,Task,11
1651,5,High,13.0,0.0,x40,Task,12
1665,5,Low,2.625,0.80039053,x45,Task,1
1666,5,Low,-2.0,1.27475488,x45,Task,2
1674,5,Low,-1.0,0.8660254,x45,Task,3
1687,5,Low,-1.625,0.80039053,x45,Task,4
1697,5,Low,-1.75,0.75,x45,Task,5
1703,5,Low,-3.25,0.8660254,x45,Task,6
1709,5,Low,-1.375,1.125,x45,Task,7
1714,5,Low,-4.125,1.17924764,x45,Task,8
1723,5,Low,-1.5,0.55901699,x45,Task,9
1731,5,Low,-3.0,1.41421356,x45,Task,10
1739,5,Low,-6.75,0.55901699,x45,Task,11
1749,5,Low,-4.25,0.8291562,x45,Task,12
1662,5,High,13.0,0.0,x45,Task,1
1671,5,High,7.75,2.54950976,x45,Task,2
1677,5,High,13.0,0.0,x45,Task,3
1689,5,High,-1.625,2.98171511,x45,Task,4
1691,5,High,13.0,0.0,x45,Task,5
1701,5,High,13.0,0.0,x45,Task,6
1706,5,High,7.70833333,1.26997922,x45,Task,7
1715,5,High,13.0,0.0,x45,Task,8
1724,5,High,13.0,0.0,x45,Task,9
1736,5,High,13.0,0.0,x45,Task,10
1743,5,High,13.0,0.0,x45,Task,11
1753,5,High,13.0,0.0,x45,Task,12
1761,5,Low,-2.875,1.82431494,x46,Task,1
1764,5,Low,-4.875,2.05015243,x46,Task,2
1770,5,Low,-10.25,3.53553391,x46,Task,3
1785,5,Low,-7.25,0.55901699,x46,Task,4
1793,5,Low,-1.5,0.93541435,x46,Task,5
1795,5,Low,-8.625,1.17924764,x46,Task,6
1806,5,Low,-12.5,1.11803399,x46,Task,7
1812,5,Low,-5.5,0.61237244,x46,Task,8
1819,5,Low,-5.125,0.71807033,x46,Task,9
1828,5,Low,-8.75,1.82002747,x46,Task,10
1835,5,Low,-7.875,1.00778222,x46,Task,11
1849,5,Low,-8.5,0.61237244,x46,Task,12
1754,5,High,13.0,0.0,x46,Task,1
1762,5,High,13.0,0.0,x46,Task,2
1771,5,High,13.0,0.0,x46,Task,3
1782,5,High,7.375,2.64870251,x46,Task,4
1787,5,High,5.20833333,2.57963445,x46,Task,5
1796,5,High,4.875,5.35169366,x46,Task,6
1809,5,High,13.0,0.0,x46,Task,7
1815,5,High,13.0,0.0,x46,Task,8
1824,5,High,13.0,0.0,x46,Task,9
1833,5,High,13.0,0.0,x46,Task,10
1840,5,High,13.0,0.0,x46,Task,11
1847,5,High,13.0,0.0,x46,Task,12
1856,5,Low,-2.5,0.8660254,x49,Task,1
1865,5,Low,-3.5,1.11803399,x49,Task,2
1871,5,Low,4.125,0.5153882,x49,Task,3
1880,5,Low,0.125,2.23955911,x49,Task,4
1887,5,Low,-5.875,1.28086885,x49,Task,5
1893,5,Low,-3.25,1.83711731,x49,Task,6
1905,5,Low,-4.75,1.14564392,x49,Task,7
1908,5,Low,-5.125,1.03832798,x49,Task,8
1921,5,Low,7.625,1.28086885,x49,Task,9
1926,5,Low,-4.25,1.11803399,x49,Task,10
1934,5,Low,-6.25,1.22474487,x49,Task,11
1938,5,Low,-11.0,1.11803399,x49,Task,12
1852,5,High,13.0,0.0,x49,Task,1
1860,5,High,13.0,0.0,x49,Task,2
1868,5,High,13.0,0.0,x49,Task,3
1879,5,High,13.0,0.0,x49,Task,4
1882,5,High,13.0,0.0,x49,Task,5
1892,5,High,13.0,0.0,x49,Task,6
1903,5,High,13.0,0.0,x49,Task,7
1909,5,High,13.0,0.0,x49,Task,8
1914,5,High,4.70833333,2.4213317,x49,Task,9
1929,5,High,13.0,0.0,x49,Task,10
1936,5,High,13.0,0.0,x49,Task,11
1942,5,High,13.0,0.0,x49,Task,12
1946,5,Low,6.875,2.18303115,x50,Task,1
1960,5,Low,4.5,0.93541435,x50,Task,2
1963,5,Low,-3.875,1.58607219,x50,Task,3
1976,5,Low,0.0,2.51246891,x50,Task,4
1981,5,Low,3.875,1.28086885,x50,Task,5
1991,5,Low,-3.5,1.03077641,x50,Task,6
1998,5,Low,-2.125,0.9437293,x50,Task,7
2007,5,Low,-2.625,1.00778222,x50,Task,8
2011,5,Low,0.5,0.8660254,x50,Task,9
2023,5,Low,7.25,0.55901699,x50,Task,10
2026,5,Low,-5.875,1.66301684,x50,Task,11
2038,5,Low,-5.75,0.8291562,x50,Task,12
1949,5,High,13.0,0.0,x50,Task,1
1957,5,High,13.0,0.0,x50,Task,2
1967,5,High,13.0,0.0,x50,Task,3
1975,5,High,5.0,3.72491611,x50,Task,4
1978,5,High,13.0,0.0,x50,Task,5
1988,5,High,13.0,0.0,x50,Task,6
1997,5,High,13.0,0.0,x50,Task,7
2002,5,High,13.0,0.0,x50,Task,8
2016,5,High,13.0,0.0,x50,Task,9
2020,5,High,13.0,0.0,x50,Task,10
2031,5,High,13.0,0.0,x50,Task,11
2040,5,High,13.0,0.0,x50,Task,12
2045,5,Low,13.0,0.0,x51,Task,1
2053,5,Low,13.0,0.0,x51,Task,2
2065,5,Low,4.5,0.70710678,x51,Task,3
2066,5,Low,-0.25,1.43614066,x51,Task,4
2077,5,Low,6.5,0.93541435,x51,Task,5
2083,5,Low,4.25,0.96824584,x51,Task,6
2097,5,Low,3.125,1.125,x51,Task,7
2104,5,Low,-3.0,1.41421356,x51,Task,8
2109,5,Low,2.5,1.03077641,x51,Task,9
2114,5,Low,0.125,1.28086885,x51,Task,10
2124,5,Low,-0.5,1.92028644,x51,Task,11
2134,5,Low,0.75,2.35849528,x51,Task,12
2046,5,High,13.0,0.0,x51,Task,1
2050,5,High,13.0,0.0,x51,Task,2
2064,5,High,13.0,0.0,x51,Task,3
2069,5,High,7.45833333,1.59044456,x51,Task,4
2080,5,High,13.0,0.0,x51,Task,5
2087,5,High,13.0,0.0,x51,Task,6
2094,5,High,13.0,0.0,x51,Task,7
2102,5,High,13.0,0.0,x51,Task,8
2112,5,High,13.0,0.0,x51,Task,9
2119,5,High,13.0,0.0,x51,Task,10
2125,5,High,13.0,0.0,x51,Task,11
2130,5,High,13.0,0.0,x51,Task,12
2138,5,Low,6.375,0.91001374,x52,Task,1
2147,5,Low,-0.875,0.375,x52,Task,2
2157,5,Low,0.625,1.17924764,x52,Task,3
2167,5,Low,-8.0,1.27475488,x52,Task,4
2170,5,Low,-8.375,0.80039053,x52,Task,5
2184,5,Low,-3.0,1.6583124,x52,Task,6
2186,5,Low,-7.875,0.5153882,x52,Task,7
2195,5,Low,-9.25,1.36930639,x52,Task,8
2203,5,Low,-4.375,0.83852549,x52,Task,9
2213,5,Low,-7.0,0.61237244,x52,Task,10
2221,5,Low,-7.125,1.58607219,x52,Task,11
2231,5,Low,-5.875,0.83852549,x52,Task,12
2145,5,High,13.0,0.0,x52,Task,1
2151,5,High,13.0,0.0,x52,Task,2
2160,5,High,13.0,0.0,x52,Task,3
2163,5,High,13.0,0.0,x52,Task,4
2172,5,High,13.0,0.0,x52,Task,5
2179,5,High,13.0,0.0,x52,Task,6
2193,5,High,13.0,0.0,x52,Task,7
2198,5,High,13.0,0.0,x52,Task,8
2205,5,High,13.0,0.0,x52,Task,9
2214,5,High,13.0,0.0,x52,Task,10
2223,5,High,13.0,0.0,x52,Task,11
2232,5,High,13.0,0.0,x52,Task,12
2239,5,Low,-4.375,1.60565407,x53,Task,1
2249,5,Low,-2.125,0.71807033,x53,Task,2
2251,5,Low,-3.5,0.55901699,x53,Task,3
2258,5,Low,-5.375,1.00778222,x53,Task,4
2272,5,Low,-6.5,1.3462912,x53,Task,5
2278,5,Low,8.25,0.93541435,x53,Task,6
2286,5,Low,-3.125,1.32876823,x53,Task,7
2291,5,Low,-7.125,1.00778222,x53,Task,8
2305,5,Low,-0.375,0.80039053,x53,Task,9
2312,5,Low,-1.0,2.80624304,x53,Task,10
2320,5,Low,-3.0,3.48209707,x53,Task,11
2329,5,Low,6.66666667,2.14896616,x53,Task,12
2235,5,High,13.0,0.0,x53,Task,1
2247,5,High,13.0,0.0,x53,Task,2
2257,5,High,1.25,1.5612495,x53,Task,3
2264,5,High,13.0,0.0,x53,Task,4
2270,5,High,6.875,2.96067982,x53,Task,5
2275,5,High,13.0,0.0,x53,Task,6
2287,5,High,13.0,0.0,x53,Task,7
2296,5,High,13.0,0.0,x53,Task,8
2298,5,High,13.0,0.0,x53,Task,9
2313,5,High,13.0,0.0,x53,Task,10
2314,5,High,13.0,0.0,x53,Task,11
2325,5,High,6.875,3.59035165,x53,Task,12
2330,5,Low,0.5,2.52487623,x54,Task,1
2345,5,Low,-2.625,0.80039053,x54,Task,2
2349,5,Low,-9.25,0.61237244,x54,Task,3
2357,5,Low,-1.375,1.41972709,x54,Task,4
2368,5,Low,-4.875,0.80039053,x54,Task,5
2370,5,Low,-7.75,1.29903811,x54,Task,6
2378,5,Low,-13.75,2.44948974,x54,Task,7
2393,5,Low,-12.0,0.55901699,x54,Task,8
2397,5,Low,-9.125,2.85317805,x54,Task,9
2409,5,Low,-18.375,0.5153882,x54,Task,10
2416,5,Low,-19.625,1.17924764,x54,Task,11
2424,5,Low,-11.625,1.17924764,x54,Task,12
2333,5,High,13.0,0.0,x54,Task,1
2340,5,High,13.0,0.0,x54,Task,2
2353,5,High,13.0,0.0,x54,Task,3
2358,5,High,13.0,0.0,x54,Task,4
2364,5,High,13.0,0.0,x54,Task,5
2372,5,High,13.0,0.0,x54,Task,6
2383,5,High,13.0,0.0,x54,Task,7
2386,5,High,13.0,0.0,x54,Task,8
2401,5,High,13.0,0.0,x54,Task,9
2404,5,High,-0.75,2.35849528,x54,Task,10
2414,5,High,13.0,0.0,x54,Task,11
2425,5,High,13.0,0.0,x54,Task,12
1403,9,Low,-3.375,1.46308749,x32,Task,1
1414,9,Low,-6.25,0.61237244,x32,Task,2
1424,9,Low,-2.125,1.28086885,x32,Task,3
1426,9,Low,-8.25,0.93541435,x32,Task,4
1439,9,Low,-7.375,1.66301684,x32,Task,5
1446,9,Low,-9.25,1.06066017,x32,Task,6
1456,9,Low,-5.375,0.6731456,x32,Task,7
1458,9,Low,-3.0,1.11803399,x32,Task,8
1406,9,High,13.0,0.0,x32,Task,1
1413,9,High,13.0,0.0,x32,Task,2
1421,9,High,13.0,0.0,x32,Task,3
1429,9,High,13.0,0.0,x32,Task,4
1440,9,High,9.04166667,1.50980591,x32,Task,5
1445,9,High,13.0,0.0,x32,Task,6
1449,9,High,13.0,0.0,x32,Task,7
1462,9,High,13.0,0.0,x32,Task,8
1469,9,Low,-6.25,0.61237244,x34,Task,1
1479,9,Low,-7.875,0.80039053,x34,Task,2
1484,9,Low,-7.0,0.8660254,x34,Task,3
1490,9,Low,-7.75,1.29903811,x34,Task,4
1501,9,Low,-8.25,0.93541435,x34,Task,5
1513,9,Low,-12.5,1.11803399,x34,Task,6
1515,9,Low,-7.375,1.03832798,x34,Task,7
1526,9,Low,-5.25,0.55901699,x34,Task,8
1534,9,Low,-8.0,0.93541435,x34,Task,9
1541,9,Low,-9.75,1.11803399,x34,Task,10
1546,9,Low,-7.75,0.96824584,x34,Task,11
1555,9,Low,-3.875,2.50312305,x34,Task,12
1468,9,High,13.0,0.0,x34,Task,1
1481,9,High,13.0,0.0,x34,Task,2
1482,9,High,13.0,0.0,x34,Task,3
1494,9,High,13.0,0.0,x34,Task,4
1499,9,High,13.0,0.0,x34,Task,5
1508,9,High,13.0,0.0,x34,Task,6
1517,9,High,13.0,0.0,x34,Task,7
1527,9,High,13.0,0.0,x34,Task,8
1531,9,High,13.0,0.0,x34,Task,9
1542,9,High,13.0,0.0,x34,Task,10
1551,9,High,13.0,0.0,x34,Task,11
1559,9,High,13.0,0.0,x34,Task,12
1565,9,Low,-2.0,0.8291562,x40,Task,1
1570,9,Low,-7.5,0.55901699,x40,Task,2
1578,9,Low,-4.375,1.03832798,x40,Task,3
1586,9,Low,-5.375,1.46308749,x40,Task,4
1600,9,Low,-5.875,0.375,x40,Task,5
1605,9,Low,-5.5,0.75,x40,Task,6
1611,9,Low,-6.375,1.46308749,x40,Task,7
1624,9,Low,-8.125,1.03832798,x40,Task,8
1633,9,Low,-8.875,1.66301684,x40,Task,9
1641,9,Low,-10.75,0.75,x40,Task,10
1649,9,Low,-10.0,0.96824584,x40,Task,11
1654,9,Low,-10.875,0.5153882,x40,Task,12
1569,9,High,13.0,0.0,x40,Task,1
1575,9,High,13.0,0.0,x40,Task,2
1580,9,High,13.0,0.0,x40,Task,3
1592,9,High,1.75,4.03112887,x40,Task,4
1601,9,High,13.0,0.0,x40,Task,5
1603,9,High,13.0,0.0,x40,Task,6
1613,9,High,13.0,0.0,x40,Task,7
1618,9,High,1.125,2.7185704,x40,Task,8
1626,9,High,13.0,0.0,x40,Task,9
1637,9,High,13.0,0.0,x40,Task,10
1643,9,High,13.0,0.0,x40,Task,11
1657,9,High,13.0,0.0,x40,Task,12
1659,9,Low,-6.25,1.43614066,x45,Task,1
1673,9,Low,-7.125,0.80039053,x45,Task,2
1676,9,Low,-7.625,1.75445861,x45,Task,3
1688,9,Low,-6.625,0.71807033,x45,Task,4
1693,9,Low,-7.125,1.00778222,x45,Task,5
1698,9,Low,-4.5,0.8291562,x45,Task,6
1711,9,Low,-8.625,0.5153882,x45,Task,7
1719,9,Low,-7.625,0.80039053,x45,Task,8
1728,9,Low,-5.0,1.03077641,x45,Task,9
1735,9,Low,-8.0,0.55901699,x45,Task,10
1741,9,Low,-9.875,0.5153882,x45,Task,11
1750,9,Low,-8.25,1.03077641,x45,Task,12
1663,9,High,13.0,0.0,x45,Task,1
1669,9,High,2.625,1.00778222,x45,Task,2
1675,9,High,13.0,0.0,x45,Task,3
1683,9,High,13.0,0.0,x45,Task,4
1692,9,High,13.0,0.0,x45,Task,5
1702,9,High,13.0,0.0,x45,Task,6
1707,9,High,13.0,0.0,x45,Task,7
1716,9,High,13.0,0.0,x45,Task,8
1726,9,High,13.0,0.0,x45,Task,9
1737,9,High,13.0,0.0,x45,Task,10
1738,9,High,1.625,1.875,x45,Task,11
1746,9,High,13.0,0.0,x45,Task,12
1757,9,Low,1.375,2.13965535,x46,Task,1
1767,9,Low,-0.75,1.5411035,x46,Task,2
1772,9,Low,-4.875,0.5153882,x46,Task,3
1783,9,Low,-5.375,2.09538183,x46,Task,4
1789,9,Low,-7.25,1.11803399,x46,Task,5
1798,9,Low,-1.25,1.41421356,x46,Task,6
1804,9,Low,-4.375,1.125,x46,Task,7
1814,9,Low,-8.875,1.20545635,x46,Task,8
1821,9,Low,-4.875,1.17924764,x46,Task,9
1827,9,Low,-4.5,1.19895788,x46,Task,10
1839,9,Low,-6.125,1.46308749,x46,Task,11
1843,9,Low,-5.25,0.93541435,x46,Task,12
1756,9,High,13.0,0.0,x46,Task,1
1766,9,High,13.0,0.0,x46,Task,2
1777,9,High,6.125,6.28614548,x46,Task,3
1784,9,High,6.25,2.35849528,x46,Task,4
1788,9,High,7.625,1.66301684,x46,Task,5
1799,9,High,13.0,0.0,x46,Task,6
1808,9,High,13.0,0.0,x46,Task,7
1811,9,High,13.0,0.0,x46,Task,8
1818,9,High,13.0,0.0,x46,Task,9
1831,9,High,13.0,0.0,x46,Task,10
1838,9,High,13.0,0.0,x46,Task,11
1846,9,High,13.0,0.0,x46,Task,12
1854,9,Low,4.875,0.5153882,x49,Task,1
1861,9,Low,-3.25,1.62018517,x49,Task,2
1872,9,Low,-1.125,1.95655948,x49,Task,3
1874,9,Low,-4.0,1.5612495,x49,Task,4
1883,9,Low,0.625,0.80039053,x49,Task,5
1896,9,Low,-5.625,1.80710404,x49,Task,6
1902,9,Low,-4.125,0.80039053,x49,Task,7
1910,9,Low,-6.375,0.80039053,x49,Task,8
1920,9,Low,4.125,0.80039053,x49,Task,9
1924,9,Low,-0.625,0.375,x49,Task,10
1932,9,Low,-5.375,0.80039053,x49,Task,11
1943,9,Low,-8.75,0.8291562,x49,Task,12
1857,9,High,13.0,0.0,x49,Task,1
1859,9,High,13.0,0.0,x49,Task,2
1866,9,High,13.0,0.0,x49,Task,3
1878,9,High,2.95833333,5.32958853,x49,Task,4
1886,9,High,13.0,0.0,x49,Task,5
1895,9,High,13.0,0.0,x49,Task,6
1899,9,High,13.0,0.0,x49,Task,7
1907,9,High,13.0,0.0,x49,Task,8
1919,9,High,6.375,3.44827856,x49,Task,9
1927,9,High,13.0,0.0,x49,Task,10
1930,9,High,13.0,0.0,x49,Task,11
1945,9,High,13.0,0.0,x49,Task,12
1950,9,Low,-0.5,0.70710678,x50,Task,1
1958,9,Low,-8.125,0.9437293,x50,Task,2
1964,9,Low,1.0,1.11803399,x50,Task,3
1974,9,Low,3.75,1.47901995,x50,Task,4
1980,9,Low,7.875,0.80039053,x50,Task,5
1987,9,Low,-4.75,1.43614066,x50,Task,6
1996,9,Low,-1.875,2.34853678,x50,Task,7
2005,9,Low,-8.375,0.6731456,x50,Task,8
2017,9,Low,-5.75,1.19895788,x50,Task,9
2021,9,Low,-5.75,1.3462912,x50,Task,10
2027,9,Low,2.125,1.17924764,x50,Task,11
2041,9,Low,-10.375,2.5890394,x50,Task,12
1953,9,High,13.0,0.0,x50,Task,1
1959,9,High,13.0,0.0,x50,Task,2
1969,9,High,13.0,0.0,x50,Task,3
1972,9,High,13.0,0.0,x50,Task,4
1984,9,High,13.0,0.0,x50,Task,5
1986,9,High,13.0,0.0,x50,Task,6
1994,9,High,13.0,0.0,x50,Task,7
2009,9,High,13.0,0.0,x50,Task,8
2014,9,High,13.0,0.0,x50,Task,9
2025,9,High,13.0,0.0,x50,Task,10
2032,9,High,1.375,2.98171511,x50,Task,11
2036,9,High,13.0,0.0,x50,Task,12
2047,9,Low,5.875,1.46308749,x51,Task,1
2052,9,Low,1.625,3.26199709,x51,Task,2
2063,9,Low,0.375,1.00778222,x51,Task,3
2071,9,Low,-3.5,1.11803399,x51,Task,4
2076,9,Low,7.5,1.76776695,x51,Task,5
2086,9,Low,2.875,1.17924764,x51,Task,6
2090,9,Low,0.25,0.8291562,x51,Task,7
2100,9,Low,0.375,1.00778222,x51,Task,8
2108,9,Low,0.125,0.71807033,x51,Task,9
2121,9,Low,-2.375,1.80710404,x51,Task,10
2128,9,Low,-1.75,0.96824584,x51,Task,11
2133,9,Low,-0.75,1.82002747,x51,Task,12
2048,9,High,13.0,0.0,x51,Task,1
2051,9,High,4.875,2.85317805,x51,Task,2
2061,9,High,13.0,0.0,x51,Task,3
2070,9,High,13.0,0.0,x51,Task,4
2078,9,High,13.0,0.0,x51,Task,5
2082,9,High,13.0,0.0,x51,Task,6
2096,9,High,13.0,0.0,x51,Task,7
2099,9,High,13.0,0.0,x51,Task,8
2106,9,High,13.0,0.0,x51,Task,9
2116,9,High,8.875,1.125,x51,Task,10
2122,9,High,13.0,0.0,x51,Task,11
2131,9,High,13.0,0.0,x51,Task,12
2143,9,Low,-6.125,2.00390244,x52,Task,1
2148,9,Low,-3.25,1.78535711,x52,Task,2
2155,9,Low,-4.5,2.1937411,x52,Task,3
2168,9,Low,-5.875,2.23955911,x52,Task,4
2176,9,Low,-7.375,0.9437293,x52,Task,5
2185,9,Low,-7.875,1.46308749,x52,Task,6
2192,9,Low,-8.375,1.32876823,x52,Task,7
2197,9,Low,-8.875,0.375,x52,Task,8
2207,9,Low,-8.25,0.8291562,x52,Task,9
2212,9,Low,-6.625,0.9437293,x52,Task,10
2222,9,Low,13.0,0.0,x52,Task,11
2228,9,Low,-4.25,2.62202212,x52,Task,12
2139,9,High,13.0,0.0,x52,Task,1
2152,9,High,13.0,0.0,x52,Task,2
2154,9,High,13.0,0.0,x52,Task,3
2164,9,High,7.625,0.5153882,x52,Task,4
2177,9,High,13.0,0.0,x52,Task,5
2180,9,High,13.0,0.0,x52,Task,6
2191,9,High,13.0,0.0,x52,Task,7
2194,9,High,13.0,0.0,x52,Task,8
2206,9,High,13.0,0.0,x52,Task,9
2211,9,High,13.0,0.0,x52,Task,10
2224,9,High,13.0,0.0,x52,Task,11
2227,9,High,13.0,0.0,x52,Task,12
2241,9,Low,-3.0,0.8291562,x53,Task,1
2244,9,Low,-3.0,0.8291562,x53,Task,2
2252,9,Low,-3.25,1.22474487,x53,Task,3
2260,9,Low,-6.0,0.8291562,x53,Task,4
2266,9,Low,-5.125,2.15421099,x53,Task,5
2274,9,Low,-5.125,1.66301684,x53,Task,6
2282,9,Low,-9.625,1.97246673,x53,Task,7
2293,9,Low,-8.875,5.22763092,x53,Task,8
2302,9,Low,-8.875,1.97246673,x53,Task,9
2308,9,Low,-5.875,0.71807033,x53,Task,10
2315,9,Low,-10.0,0.61237244,x53,Task,11
2328,9,Low,-9.0,1.11803399,x53,Task,12
2237,9,High,13.0,0.0,x53,Task,1
2243,9,High,13.0,0.0,x53,Task,2
2250,9,High,13.0,0.0,x53,Task,3
2259,9,High,13.0,0.0,x53,Task,4
2273,9,High,13.0,0.0,x53,Task,5
2277,9,High,13.0,0.0,x53,Task,6
2284,9,High,13.0,0.0,x53,Task,7
2295,9,High,13.0,0.0,x53,Task,8
2299,9,High,13.0,0.0,x53,Task,9
2307,9,High,13.0,0.0,x53,Task,10
2317,9,High,13.0,0.0,x53,Task,11
2323,9,High,13.0,0.0,x53,Task,12
2331,9,Low,-6.0,3.1124749,x54,Task,1
2343,9,Low,-12.25,1.93649167,x54,Task,2
2351,9,Low,-12.125,0.80039053,x54,Task,3
2356,9,Low,-6.25,1.83711731,x54,Task,4
2363,9,Low,-13.5,1.19895788,x54,Task,5
2375,9,Low,-17.0,1.3462912,x54,Task,6
2384,9,Low,-8.125,0.71807033,x54,Task,7
2392,9,Low,-16.75,0.96824584,x54,Task,8
2400,9,Low,-15.5,1.87082869,x54,Task,9
2403,9,Low,-14.25,0.8291562,x54,Task,10
2417,9,Low,-15.25,0.75,x54,Task,11
2421,9,Low,-13.75,0.75,x54,Task,12
2336,9,High,13.0,0.0,x54,Task,1
2338,9,High,13.0,0.0,x54,Task,2
2348,9,High,13.0,0.0,x54,Task,3
2355,9,High,9.29166667,0.97271813,x54,Task,4
2366,9,High,13.0,0.0,x54,Task,5
2376,9,High,13.0,0.0,x54,Task,6
2379,9,High,13.0,0.0,x54,Task,7
2388,9,High,8.375,1.54616461,x54,Task,8
2399,9,High,13.0,0.0,x54,Task,9
2407,9,High,13.0,0.0,x54,Task,10
2413,9,High,13.0,0.0,x54,Task,11
2423,9,High,13.0,0.0,x54,Task,12
1408,15,Low,0.0,0.55901699,x32,Task,1
1415,15,Low,-2.625,1.17924764,x32,Task,2
1422,15,Low,-2.0,1.19895788,x32,Task,3
1430,15,Low,-3.375,0.80039053,x32,Task,4
1433,15,Low,-0.875,1.17924764,x32,Task,5
1443,15,Low,-7.125,0.6731456,x32,Task,6
1452,15,Low,-4.875,3.55536566,x32,Task,7
1457,15,Low,-1.5,0.93541435,x32,Task,8
1405,15,High,13.0,0.0,x32,Task,1
1416,15,High,13.0,0.0,x32,Task,2
1419,15,High,1.45833333,4.51713558,x32,Task,3
1431,15,High,13.0,0.0,x32,Task,4
1436,15,High,13.0,0.0,x32,Task,5
1444,15,High,13.0,0.0,x32,Task,6
1455,15,High,13.0,0.0,x32,Task,7
1464,15,High,13.0,0.0,x32,Task,8
1471,15,Low,-5.0,0.70710678,x34,Task,1
1476,15,Low,-1.25,0.55901699,x34,Task,2
1485,15,Low,-4.5,1.03077641,x34,Task,3
1497,15,Low,-4.125,2.91815438,x34,Task,4
1500,15,Low,-6.25,0.61237244,x34,Task,5
1511,15,Low,-4.875,0.91001374,x34,Task,6
1518,15,Low,-3.5,1.3462912,x34,Task,7
1525,15,Low,-4.625,1.17924764,x34,Task,8
1537,15,Low,-6.75,1.11803399,x34,Task,9
1544,15,Low,-7.875,1.58607219,x34,Task,10
1549,15,Low,-3.5,2.6925824,x34,Task,11
1557,15,Low,-3.75,0.8291562,x34,Task,12
1472,15,High,13.0,0.0,x34,Task,1
1477,15,High,13.0,0.0,x34,Task,2
1486,15,High,13.0,0.0,x34,Task,3
1493,15,High,13.0,0.0,x34,Task,4
1504,15,High,13.0,0.0,x34,Task,5
1507,15,High,13.0,0.0,x34,Task,6
1521,15,High,13.0,0.0,x34,Task,7
1528,15,High,0.0,0.55901699,x34,Task,8
1533,15,High,2.08333333,4.30519712,x34,Task,9
1545,15,High,13.0,0.0,x34,Task,10
1548,15,High,13.0,0.0,x34,Task,11
1554,15,High,13.0,0.0,x34,Task,12
1563,15,Low,-1.875,2.18303115,x40,Task,1
1573,15,Low,-4.125,0.80039053,x40,Task,2
1583,15,Low,-7.125,0.80039053,x40,Task,3
1587,15,Low,-0.875,1.80710404,x40,Task,4
1598,15,Low,-3.125,4.92601512,x40,Task,5
1608,15,Low,-5.0,1.5411035,x40,Task,6
1612,15,Low,-5.625,1.17924764,x40,Task,7
1625,15,Low,-6.625,0.375,x40,Task,8
1628,15,Low,-5.375,0.6731456,x40,Task,9
1639,15,Low,-5.25,1.92028644,x40,Task,10
1645,15,Low,-4.375,2.15421099,x40,Task,11
1656,15,Low,-5.875,0.375,x40,Task,12
1564,15,High,-5.125,5.49004781,x40,Task,1
1572,15,High,13.0,0.0,x40,Task,2
1582,15,High,4.125,2.50312305,x40,Task,3
1588,15,High,13.0,0.0,x40,Task,4
1595,15,High,13.0,0.0,x40,Task,5
1607,15,High,13.0,0.0,x40,Task,6
1610,15,High,13.0,0.0,x40,Task,7
1620,15,High,13.0,0.0,x40,Task,8
1629,15,High,-2.41666667,5.72579446,x40,Task,9
1640,15,High,13.0,0.0,x40,Task,10
1648,15,High,13.0,0.0,x40,Task,11
1653,15,High,13.0,0.0,x40,Task,12
1664,15,Low,-6.5,0.8291562,x45,Task,1
1670,15,Low,-6.125,1.00778222,x45,Task,2
1678,15,Low,-5.875,0.71807033,x45,Task,3
1684,15,Low,-4.5,0.55901699,x45,Task,4
1695,15,Low,-1.75,0.61237244,x45,Task,5
1704,15,Low,-2.0,0.8291562,x45,Task,6
1712,15,Low,-4.375,0.71807033,x45,Task,7
1717,15,Low,-6.75,1.60078106,x45,Task,8
1727,15,Low,-7.125,2.00390244,x45,Task,9
1734,15,Low,-9.75,0.55901699,x45,Task,10
1742,15,Low,-5.875,1.28086885,x45,Task,11
1747,15,Low,-1.75,1.67705098,x45,Task,12
1660,15,High,-2.125,1.60565407,x45,Task,1
1668,15,High,13.0,0.0,x45,Task,2
1681,15,High,13.0,0.0,x45,Task,3
1686,15,High,-0.625,2.47802845,x45,Task,4
1690,15,High,13.0,0.0,x45,Task,5
1699,15,High,13.0,0.0,x45,Task,6
1710,15,High,3.25,2.35849528,x45,Task,7
1718,15,High,13.0,0.0,x45,Task,8
1725,15,High,13.0,0.0,x45,Task,9
1732,15,High,13.0,0.0,x45,Task,10
1740,15,High,13.0,0.0,x45,Task,11
1751,15,High,13.0,0.0,x45,Task,12
1759,15,Low,5.25,1.3462912,x46,Task,1
1768,15,Low,-0.875,0.80039053,x46,Task,2
1776,15,Low,-4.25,1.5411035,x46,Task,3
1778,15,Low,-0.125,0.6731456,x46,Task,4
1786,15,Low,-2.5,1.06066017,x46,Task,5
1794,15,Low,0.875,0.375,x46,Task,6
1805,15,Low,-5.0,2.31840462,x46,Task,7
1810,15,Low,-1.75,0.96824584,x46,Task,8
1822,15,Low,-6.75,1.03077641,x46,Task,9
1832,15,Low,-3.625,2.40117159,x46,Task,10
1834,15,Low,-4.75,1.14564392,x46,Task,11
1844,15,Low,-2.625,1.58607219,x46,Task,12
1755,15,High,2.125,1.17924764,x46,Task,1
1765,15,High,13.0,0.0,x46,Task,2
1774,15,High,13.0,0.0,x46,Task,3
1779,15,High,6.25,3.52668399,x46,Task,4
1790,15,High,8.875,0.71807033,x46,Task,5
1797,15,High,-3.75,1.82002747,x46,Task,6
1802,15,High,3.83333333,4.74268443,x46,Task,7
1816,15,High,13.0,0.0,x46,Task,8
1823,15,High,13.0,0.0,x46,Task,9
1829,15,High,13.0,0.0,x46,Task,10
1836,15,High,13.0,0.0,x46,Task,11
1842,15,High,13.0,0.0,x46,Task,12
1851,15,Low,7.625,1.875,x49,Task,1
1858,15,Low,1.0,3.79143772,x49,Task,2
1869,15,Low,-4.875,3.16474723,x49,Task,3
1875,15,Low,-6.75,2.23606798,x49,Task,4
1885,15,Low,0.0,5.20816666,x49,Task,5
1891,15,Low,-2.0,1.60078106,x49,Task,6
1900,15,Low,0.0,0.55901699,x49,Task,7
1912,15,Low,-2.5,1.93649167,x49,Task,8
1916,15,Low,-1.25,0.93541435,x49,Task,9
1928,15,Low,-8.25,2.54950976,x49,Task,10
1935,15,Low,-2.375,1.39754249,x49,Task,11
1941,15,Low,-3.375,0.5153882,x49,Task,12
1853,15,High,13.0,0.0,x49,Task,1
1864,15,High,13.0,0.0,x49,Task,2
1873,15,High,13.0,0.0,x49,Task,3
1876,15,High,13.0,0.0,x49,Task,4
1889,15,High,13.0,0.0,x49,Task,5
1897,15,High,13.0,0.0,x49,Task,6
1901,15,High,13.0,0.0,x49,Task,7
1906,15,High,13.0,0.0,x49,Task,8
1918,15,High,13.0,0.0,x49,Task,9
1922,15,High,3.625,1.32876823,x49,Task,10
1931,15,High,13.0,0.0,x49,Task,11
1944,15,High,13.0,0.0,x49,Task,12
1951,15,Low,4.75,1.60078106,x50,Task,1
1954,15,Low,-0.875,0.80039053,x50,Task,2
1966,15,Low,9.20833333,0.48769583,x50,Task,3
1977,15,Low,9.375,0.5153882,x50,Task,4
1979,15,Low,0.125,0.375,x50,Task,5
1993,15,Low,3.375,1.46308749,x50,Task,6
2000,15,Low,-2.125,1.125,x50,Task,7
2008,15,Low,-2.25,0.70710678,x50,Task,8
2010,15,Low,-3.125,0.5153882,x50,Task,9
2022,15,Low,-3.625,2.0194368,x50,Task,10
2030,15,Low,-5.125,1.875,x50,Task,11
2035,15,Low,0.0,0.55901699,x50,Task,12
1947,15,High,13.0,0.0,x50,Task,1
1955,15,High,6.875,3.2040014,x50,Task,2
1965,15,High,13.0,0.0,x50,Task,3
1973,15,High,13.0,0.0,x50,Task,4
1983,15,High,13.0,0.0,x50,Task,5
1992,15,High,13.0,0.0,x50,Task,6
2001,15,High,13.0,0.0,x50,Task,7
2006,15,High,8.875,1.00778222,x50,Task,8
2015,15,High,13.0,0.0,x50,Task,9
2019,15,High,13.0,0.0,x50,Task,10
2029,15,High,5.625,4.14012379,x50,Task,11
2037,15,High,13.0,0.0,x50,Task,12
2042,15,Low,8.91666667,1.5184056,x51,Task,1
2055,15,Low,1.0,0.70710678,x51,Task,2
2058,15,Low,-1.125,1.17924764,x51,Task,3
2067,15,Low,0.0,0.55901699,x51,Task,4
2074,15,Low,-2.25,1.82002747,x51,Task,5
2088,15,Low,4.375,0.80039053,x51,Task,6
2091,15,Low,0.5,0.96824584,x51,Task,7
2105,15,Low,0.25,0.70710678,x51,Task,8
2110,15,Low,-0.875,0.80039053,x51,Task,9
2120,15,Low,1.25,0.96824584,x51,Task,10
2126,15,Low,0.25,0.8291562,x51,Task,11
2137,15,Low,1.125,0.6731456,x51,Task,12
2043,15,High,9.125,0.5153882,x51,Task,1
2056,15,High,13.0,0.0,x51,Task,2
2060,15,High,1.125,3.80993766,x51,Task,3
2068,15,High,13.0,0.0,x51,Task,4
2079,15,High,13.0,0.0,x51,Task,5
2085,15,High,13.0,0.0,x51,Task,6
2092,15,High,13.0,0.0,x51,Task,7
2103,15,High,13.0,0.0,x51,Task,8
2107,15,High,13.0,0.0,x51,Task,9
2117,15,High,13.0,0.0,x51,Task,10
2127,15,High,13.0,0.0,x51,Task,11
2135,15,High,-0.75,1.82002747,x51,Task,12
2141,15,Low,13.0,0.0,x52,Task,1
2146,15,Low,-4.375,0.9437293,x52,Task,2
2158,15,Low,-1.375,1.03832798,x52,Task,3
2162,15,Low,-1.875,1.17924764,x52,Task,4
2175,15,Low,0.25,2.01556444,x52,Task,5
2183,15,Low,-1.5,0.93541435,x52,Task,6
2188,15,Low,-1.5,0.8291562,x52,Task,7
2201,15,Low,-0.5,1.5411035,x52,Task,8
2208,15,Low,-7.375,1.28086885,x52,Task,9
2215,15,Low,-2.75,0.55901699,x52,Task,10
2220,15,Low,-2.625,1.58607219,x52,Task,11
2229,15,Low,13.0,0.0,x52,Task,12
2144,15,High,5.875,5.14933248,x52,Task,1
2150,15,High,13.0,0.0,x52,Task,2
2156,15,High,13.0,0.0,x52,Task,3
2166,15,High,13.0,0.0,x52,Task,4
2174,15,High,13.0,0.0,x52,Task,5
2182,15,High,13.0,0.0,x52,Task,6
2190,15,High,13.0,0.0,x52,Task,7
2196,15,High,13.0,0.0,x52,Task,8
2209,15,High,13.0,0.0,x52,Task,9
2216,15,High,13.0,0.0,x52,Task,10
2218,15,High,13.0,0.0,x52,Task,11
2230,15,High,6.70833333,1.74054988,x52,Task,12
2234,15,Low,8.875,0.5153882,x53,Task,1
2248,15,Low,3.125,3.10493559,x53,Task,2
2255,15,Low,-0.125,1.17924764,x53,Task,3
2261,15,Low,4.375,1.90804219,x53,Task,4
2271,15,Low,-0.375,0.5153882,x53,Task,5
2281,15,Low,5.58333333,2.46503324,x53,Task,6
2285,15,Low,-2.75,3.28823661,x53,Task,7
2290,15,Low,-2.25,0.55901699,x53,Task,8
2300,15,Low,-2.125,1.125,x53,Task,9
2310,15,Low,-0.625,0.71807033,x53,Task,10
2319,15,Low,-2.75,1.47901995,x53,Task,11
2326,15,Low,1.75,2.10653744,x53,Task,12
2238,15,High,8.375,0.9437293,x53,Task,1
2242,15,High,13.0,0.0,x53,Task,2
2253,15,High,13.0,0.0,x53,Task,3
2265,15,High,13.0,0.0,x53,Task,4
2269,15,High,13.0,0.0,x53,Task,5
2280,15,High,13.0,0.0,x53,Task,6
2289,15,High,13.0,0.0,x53,Task,7
2294,15,High,13.0,0.0,x53,Task,8
2301,15,High,13.0,0.0,x53,Task,9
2309,15,High,13.0,0.0,x53,Task,10
2316,15,High,13.0,0.0,x53,Task,11
2324,15,High,13.0,0.0,x53,Task,12
2332,15,Low,-7.375,0.71807033,x54,Task,1
2341,15,Low,-9.0,1.47901995,x54,Task,2
2352,15,Low,-10.125,2.50312305,x54,Task,3
2354,15,Low,-3.75,3.31662479,x54,Task,4
2362,15,Low,-7.375,0.71807033,x54,Task,5
2374,15,Low,-7.75,0.61237244,x54,Task,6
2381,15,Low,-8.5,1.22474487,x54,Task,7
2389,15,Low,-9.75,0.55901699,x54,Task,8
2398,15,Low,-9.0,0.93541435,x54,Task,9
2408,15,Low,-10.125,0.80039053,x54,Task,10
2410,15,Low,-10.875,0.80039053,x54,Task,11
2419,15,Low,-8.875,1.125,x54,Task,12
2334,15,High,13.0,0.0,x54,Task,1
2339,15,High,13.0,0.0,x54,Task,2
2347,15,High,-0.125,2.98171511,x54,Task,3
2361,15,High,13.0,0.0,x54,Task,4
2369,15,High,13.0,0.0,x54,Task,5
2373,15,High,13.0,0.0,x54,Task,6
2380,15,High,6.75,3.84057287,x54,Task,7
2390,15,High,13.0,0.0,x54,Task,8
2395,15,High,-0.79166667,6.28725011,x54,Task,9
2402,15,High,13.0,0.0,x54,Task,10
2411,15,High,13.0,0.0,x54,Task,11
2420,15,High,2.20833333,4.24611751,x54,Task,12
